,title_name,season_number,offering_start_date,asset_run_time_hours,content_category,program_type,medal,genre,is_pay_1,hit_series,medal_number,content_category_movies,content_category_series,program_type_acquired,program_type_original,genre_action,genre_comedy,genre_drama,sig_pred,logged_pred,prediction
0,AFTER THE BITE,,2023-07-01,1.5,movies,original,Silver,other,0,0,2.0,1,0,0,1,0,0,0,1,-4.936332239314314,0.0326599809739859
1,STEVE WAY SPECIAL,,2024-03-01,1.0,movies,original,Silver,other,0,0,2.0,1,0,0,1,0,0,0,1,-4.936332239314314,0.0326599809739859
2,WORST KEPT SECRET,,2024-06-01,1.5,movies,original,Silver,other,0,0,2.0,1,0,0,1,0,0,0,1,-4.936332239314314,0.0326599809739859
3,2023 TBD SPECIALS,,2023-06-01,5.0,movies,original,Silver,other,0,0,2.0,1,0,0,1,0,0,0,1,-4.936332239314314,0.0326599809739859
4,GOLDEN BOY: OSCAR DE LA HOYA PROJECT,,2023-07-01,3.0,movies,original,Silver,other,0,0,2.0,1,0,0,1,0,0,0,1,-4.936332239314314,0.0326599809739859
5,PETE ROSE DOC,,2025-03-01,3.0,movies,original,Silver,other,0,0,2.0,1,0,0,1,0,0,0,1,-4.936332239314314,0.0326599809739859
6,2024 TBD SPECIALS,,2024-05-01,17.0,movies,original,Silver,other,0,0,2.0,1,0,0,1,0,0,0,1,-4.936332239314314,0.0326599809739859
7,MOONAGE DAYDREAM,,2023-04-01,2.0,movies,original,Silver,other,0,0,2.0,1,0,0,1,0,0,0,1,-4.936332239314314,0.0326599809739859
8,NO ACCIDENT,,2023-10-01,1.5,movies,original,Silver,other,0,0,2.0,1,0,0,1,0,0,0,1,-4.936332239314314,0.0326599809739859
9,TAYLOR MAC'S 24-DECADE HISTORY OF POPULAR MUSIC,,2023-06-01,1.5,movies,original,Silver,other,0,0,2.0,1,0,0,1,0,0,0,1,-4.936332239314314,0.0326599809739859
10,THE RINGLEADER,,2023-09-01,1.5,movies,original,Silver,other,0,0,2.0,1,0,0,1,0,0,0,1,-4.936332239314314,0.0326599809739859
11,BORDERLANDS,,2024-10-01,1.5,movies,original,Silver,other,0,0,2.0,1,0,0,1,0,0,0,1,-4.936332239314314,0.0326599809739859
12,CHARLES STUART MURDER,,2025-09-01,3.0,movies,original,Silver,other,0,0,2.0,1,0,0,1,0,0,0,1,-4.936332239314314,0.0326599809739859
13,DONYALE LUNA: SUPERMODEL,,2023-09-01,1.5,movies,original,Silver,other,0,0,2.0,1,0,0,1,0,0,0,1,-4.936332239314314,0.0326599809739859
14,"GREAT PHOTO, LOVELY LIFE",,2023-11-01,1.5,movies,original,Silver,other,0,0,2.0,1,0,0,1,0,0,0,1,-4.936332239314314,0.0326599809739859
15,1000% ME: GROWING UP MIXED,,2023-05-01,1.5,movies,original,Silver,other,0,0,2.0,1,0,0,1,0,0,0,1,-4.936332239314314,0.0326599809739859
16,SANDY HOOK PARENTS V. ALEX JONES,,2024-03-01,1.5,movies,original,Silver,other,0,0,2.0,1,0,0,1,0,0,0,1,-4.936332239314314,0.0326599809739859
17,SUPERBUG,,2025-03-01,1.5,movies,original,Silver,other,0,0,2.0,1,0,0,1,0,0,0,1,-4.936332239314314,0.0326599809739859
18,TREES AND OTHER ENTANGLEMENTS,,2023-12-01,1.5,movies,original,Silver,other,0,0,2.0,1,0,0,1,0,0,0,1,-4.936332239314314,0.0326599809739859
19,NICKY NODJOUMI PROJECT,,2024-04-01,1.5,movies,original,Silver,other,0,0,2.0,1,0,0,1,0,0,0,1,-4.936332239314314,0.0326599809739859
20,YOU WERE MY FIRST BOYFRIEND,,2023-11-01,1.5,movies,original,Silver,other,0,0,2.0,1,0,0,1,0,0,0,1,-4.936332239314314,0.0326599809739859
21,MARC MARON: FROM BLEAK TO DARK,,2023-02-01,1.0,movies,original,Silver,other,0,0,2.0,1,0,0,1,0,0,0,1,-4.936332239314314,0.0326599809739859
22,SAM JAY SPECIAL,,2023-09-01,1.0,movies,original,Silver,other,0,0,2.0,1,0,0,1,0,0,0,1,-4.936332239314314,0.0326599809739859
23,WE DON'T BREAK,,2023-10-01,1.5,movies,original,Silver,other,0,0,2.0,1,0,0,1,0,0,0,1,-4.936332239314314,0.0326599809739859
24,BARRY BONDS PROJECT,,2025-07-01,3.0,movies,original,Silver,other,0,0,2.0,1,0,0,1,0,0,0,1,-4.936332239314314,0.0326599809739859
25,TIME BOMB Y2K,,2023-12-01,1.5,movies,original,Silver,other,0,0,2.0,1,0,0,1,0,0,0,1,-4.936332239314314,0.0326599809739859
26,THE STROLL,,2023-06-01,1.5,movies,original,Silver,other,0,0,2.0,1,0,0,1,0,0,0,1,-4.936332239314314,0.0326599809739859
27,MR. CHOW,,2023-11-01,1.5,movies,original,Silver,other,0,0,2.0,1,0,0,1,0,0,0,1,-4.936332239314314,0.0326599809739859
28,THE AAPI LIST,,2024-11-01,1.5,movies,original,Silver,other,0,0,2.0,1,0,0,1,0,0,0,1,-4.936332239314314,0.0326599809739859
29,SOUTH TO BLACK POWER,,2023-11-01,1.5,movies,original,Silver,other,0,0,2.0,1,0,0,1,0,0,0,1,-4.936332239314314,0.0326599809739859
30,SLAVE PLAY PROJECT,,2024-06-01,1.5,movies,original,Silver,other,0,0,2.0,1,0,0,1,0,0,0,1,-4.936332239314314,0.0326599809739859
31,OKLAHOMA CITY BOMBING,,2024-04-01,1.5,movies,original,Silver,other,0,0,2.0,1,0,0,1,0,0,0,1,-4.936332239314314,0.0326599809739859
32,ALL THE BEAUTY AND THE BLOODSHED,,2023-03-01,2.0,movies,original,Silver,other,0,0,2.0,1,0,0,1,0,0,0,1,-4.936332239314314,0.0326599809739859
33,A DARK ROOM IN GLITTER BALL CITY,,2025-04-01,1.5,movies,original,Silver,other,0,0,2.0,1,0,0,1,0,0,0,1,-4.936332239314314,0.0326599809739859
34,FAYE,,2024-12-01,1.5,movies,original,Silver,other,0,0,2.0,1,0,0,1,0,0,0,1,-4.936332239314314,0.0326599809739859
35,LAST CALL,,2023-07-01,4.0,movies,original,Silver,other,0,0,2.0,1,0,0,1,0,0,0,1,-4.936332239314314,0.0326599809739859
36,"MOVIE PASS, MOVIE CRASH",,2024-09-01,1.5,movies,original,Silver,other,0,0,2.0,1,0,0,1,0,0,0,1,-4.936332239314314,0.0326599809739859
37,PHILADELPHIA MUSIC PROJECT,,2024-05-01,1.5,movies,original,Silver,other,0,0,2.0,1,0,0,1,0,0,0,1,-4.936332239314314,0.0326599809739859
38,BRENT RENAUD PROJECT,,2025-07-01,1.5,movies,original,Silver,other,0,0,2.0,1,0,0,1,0,0,0,1,-4.936332239314314,0.0326599809739859
39,THE BRADY BUNCH PROJECT,,2025-10-01,1.5,movies,original,Silver,other,0,0,2.0,1,0,0,1,0,0,0,1,-4.936332239314314,0.0326599809739859
40,THE INSURRECTIONISTS,,2024-01-01,1.5,movies,original,Silver,other,0,0,2.0,1,0,0,1,0,0,0,1,-4.936332239314314,0.0326599809739859
41,QUAD GODS,,2025-02-01,1.5,movies,original,Silver,other,0,0,2.0,1,0,0,1,0,0,0,1,-4.936332239314314,0.0326599809739859
42,ZUCKER HILLSIDE THERAPY PROJECT,,2024-03-01,1.5,movies,original,Silver,other,0,0,2.0,1,0,0,1,0,0,0,1,-4.936332239314314,0.0326599809739859
43,BEING MARY TYLER MOORE,,2023-05-01,2.0,movies,original,Silver,other,0,0,2.0,1,0,0,1,0,0,0,1,-4.936332239314314,0.0326599809739859
44,MS. MAGAZINE 50TH ANNIVERSARY PROJECT,,2024-07-01,1.5,movies,original,Silver,other,0,0,2.0,1,0,0,1,0,0,0,1,-4.936332239314314,0.0326599809739859
45,NANFU WANG CUBA PROJECT,,2025-02-01,1.5,movies,original,Silver,other,0,0,2.0,1,0,0,1,0,0,0,1,-4.936332239314314,0.0326599809739859
46,MUSIC BOX S2,,2023-04-01,12.0,movies,original,Silver,other,0,0,2.0,1,0,0,1,0,0,0,1,-4.936332239314314,0.0326599809739859
47,SYNANON,,2024-09-01,3.0,movies,original,Silver,other,0,0,2.0,1,0,0,1,0,0,0,1,-4.936332239314314,0.0326599809739859
48,APRIL AND AMANDA,,2025-06-01,1.5,movies,original,Silver,other,0,0,2.0,1,0,0,1,0,0,0,1,-4.936332239314314,0.0326599809739859
49,NEAR SPACE,,2025-02-01,1.5,movies,original,Silver,other,0,0,2.0,1,0,0,1,0,0,0,1,-4.936332239314314,0.0326599809739859
50,DARK MONEY PROJECT,,2025-01-01,2.0,movies,original,Silver,other,0,0,2.0,1,0,0,1,0,0,0,1,-4.936332239314314,0.0326599809739859
51,MOTHERCUTTERS,,2025-05-01,1.5,movies,original,Silver,other,0,0,2.0,1,0,0,1,0,0,0,1,-4.936332239314314,0.0326599809739859
52,TELENOVELAS,,2025-10-01,1.5,movies,original,Silver,other,0,0,2.0,1,0,0,1,0,0,0,1,-4.936332239314314,0.0326599809739859
53,THOUGHTS AND PRAYERS,,2025-06-01,1.5,movies,original,Silver,other,0,0,2.0,1,0,0,1,0,0,0,1,-4.936332239314314,0.0326599809739859
54,2023 TBD SERIES,,2023-07-01,6.0,movies,original,Silver,other,0,0,2.0,1,0,0,1,0,0,0,1,-4.936332239314314,0.0326599809739859
55,LEO REICH SPECIAL,,2023-12-01,1.0,movies,original,Silver,other,0,0,2.0,1,0,0,1,0,0,0,1,-4.936332239314314,0.0326599809739859
56,THE LIONHEART,,2024-03-01,1.5,movies,original,Silver,other,0,0,2.0,1,0,0,1,0,0,0,1,-4.936332239314314,0.0326599809739859
57,NIKKI GLASER SPECIAL,,2024-07-01,1.0,movies,original,Silver,other,0,0,2.0,1,0,0,1,0,0,0,1,-4.936332239314314,0.0326599809739859
58,US SOCCER 2026,,2026-05-01,5.0,movies,original,Silver,other,0,0,2.0,1,0,0,1,0,0,0,1,-4.936332239314314,0.0326599809739859
59,TBD DOC A,,2026-01-01,3.5,movies,original,Silver,other,0,0,2.0,1,0,0,1,0,0,0,1,-4.936332239314314,0.0326599809739859
60,DOCU TBD 1,,2024-04-01,1.5,movies,original,Silver,other,0,0,2.0,1,0,0,1,0,0,0,1,-4.936332239314314,0.0326599809739859
61,DOCU TBD 1,,2024-04-01,1.5,movies,original,Silver,other,0,0,2.0,1,0,0,1,0,0,0,1,-4.936332239314314,0.0326599809739859
62,JOHN EARLY,,2023-06-01,1.0,movies,original,Silver,other,0,0,2.0,1,0,0,1,0,0,0,1,-4.936332239314314,0.0326599809739859
63,CONAN O'BRIEN PRESENTS...,,2023-10-01,1.0,movies,original,Silver,other,0,0,2.0,1,0,0,1,0,0,0,1,-4.936332239314314,0.0326599809739859
64,CONAN O'BRIEN PRESENTS: ASIF ALI,,2023-10-01,1.0,movies,original,Silver,other,0,0,2.0,1,0,0,1,0,0,0,1,-4.936332239314314,0.0326599809739859
65,THE COLOR PURPLE BEHIND THE SCENES,,2024-02-01,1.5,movies,original,Silver,other,0,0,2.0,1,0,0,1,0,0,0,1,-4.936332239314314,0.0326599809739859
66,Fox Pay-1 Film,,2024-06-01,2.2196969696969697,movies,acquired,Silver,other,1,0,2.0,1,0,1,0,0,0,0,1,-4.173055385000897,0.05543514087847237
67,Fox Pay-1 Film,,2024-08-01,2.2196969696969697,movies,acquired,Silver,other,1,0,2.0,1,0,1,0,0,0,0,1,-4.173055385000897,0.05543514087847237
68,Fox Pay-1 Film,,2024-10-01,2.2196969696969697,movies,acquired,Silver,other,1,0,2.0,1,0,1,0,0,0,0,1,-4.173055385000897,0.05543514087847237
69,Fox Pay-1 Film,,2024-12-01,2.2196969696969697,movies,acquired,Silver,other,1,0,2.0,1,0,1,0,0,0,0,1,-4.173055385000897,0.05543514087847237
70,Fox Pay-1 Film,,2025-02-01,2.2196969696969697,movies,acquired,Silver,other,1,0,2.0,1,0,1,0,0,0,0,1,-4.173055385000897,0.05543514087847237
71,Fox Pay-1 Film,,2025-04-01,2.2196969696969697,movies,acquired,Silver,other,1,0,2.0,1,0,1,0,0,0,0,1,-4.173055385000897,0.05543514087847237
72,Fox Pay-1 Film,,2025-06-01,2.2196969696969697,movies,acquired,Silver,other,1,0,2.0,1,0,1,0,0,0,0,1,-4.173055385000897,0.05543514087847237
73,Fox Pay-1 Film,,2025-08-01,2.2196969696969697,movies,acquired,Silver,other,1,0,2.0,1,0,1,0,0,0,0,1,-4.173055385000897,0.05543514087847237
74,Fox Pay-1 Film,,2025-10-01,2.2196969696969697,movies,acquired,Silver,other,1,0,2.0,1,0,1,0,0,0,0,1,-4.173055385000897,0.05543514087847237
75,Fox Pay-1 Film,,2025-12-01,2.2196969696969697,movies,acquired,Silver,other,1,0,2.0,1,0,1,0,0,0,0,1,-4.173055385000897,0.05543514087847237
76,Fox Pay-1 Film,,2026-02-01,2.2196969696969697,movies,acquired,Silver,other,1,0,2.0,1,0,1,0,0,0,0,1,-4.173055385000897,0.05543514087847237
77,Fox Pay-1 Film,,2026-04-01,2.2196969696969697,movies,acquired,Silver,other,1,0,2.0,1,0,1,0,0,0,0,1,-4.173055385000897,0.05543514087847237
78,Lionsgate Pay-1 Film,,2024-05-01,2.2196969696969697,movies,acquired,Silver,other,1,0,2.0,1,0,1,0,0,0,0,1,-4.173055385000897,0.05543514087847237
79,Lionsgate Pay-1 Film,,2024-07-01,2.2196969696969697,movies,acquired,Silver,other,1,0,2.0,1,0,1,0,0,0,0,1,-4.173055385000897,0.05543514087847237
80,Lionsgate Pay-1 Film,,2024-09-01,2.2196969696969697,movies,acquired,Silver,other,1,0,2.0,1,0,1,0,0,0,0,1,-4.173055385000897,0.05543514087847237
81,Lionsgate Pay-1 Film,,2024-11-01,2.2196969696969697,movies,acquired,Silver,other,1,0,2.0,1,0,1,0,0,0,0,1,-4.173055385000897,0.05543514087847237
82,Lionsgate Pay-1 Film,,2025-01-01,2.2196969696969697,movies,acquired,Silver,other,1,0,2.0,1,0,1,0,0,0,0,1,-4.173055385000897,0.05543514087847237
83,Lionsgate Pay-1 Film,,2025-03-01,2.2196969696969697,movies,acquired,Silver,other,1,0,2.0,1,0,1,0,0,0,0,1,-4.173055385000897,0.05543514087847237
84,Lionsgate Pay-1 Film,,2025-05-01,2.2196969696969697,movies,acquired,Silver,other,1,0,2.0,1,0,1,0,0,0,0,1,-4.173055385000897,0.05543514087847237
85,Lionsgate Pay-1 Film,,2025-07-01,2.2196969696969697,movies,acquired,Silver,other,1,0,2.0,1,0,1,0,0,0,0,1,-4.173055385000897,0.05543514087847237
86,Lionsgate Pay-1 Film,,2025-09-01,2.2196969696969697,movies,acquired,Silver,other,1,0,2.0,1,0,1,0,0,0,0,1,-4.173055385000897,0.05543514087847237
87,Lionsgate Pay-1 Film,,2025-11-01,2.2196969696969697,movies,acquired,Silver,other,1,0,2.0,1,0,1,0,0,0,0,1,-4.173055385000897,0.05543514087847237
88,Lionsgate Pay-1 Film,,2026-01-01,2.2196969696969697,movies,acquired,Silver,other,1,0,2.0,1,0,1,0,0,0,0,1,-4.173055385000897,0.05543514087847237
89,Lionsgate Pay-1 Film,,2026-03-01,2.2196969696969697,movies,acquired,Silver,other,1,0,2.0,1,0,1,0,0,0,0,1,-4.173055385000897,0.05543514087847237
90,A24 Pay-1 Film,,2024-05-01,2.2196969696969697,movies,acquired,Silver,other,1,0,2.0,1,0,1,0,0,0,0,1,-4.173055385000897,0.05543514087847237
91,A24 Pay-1 Film,,2024-06-01,2.2196969696969697,movies,acquired,Silver,other,1,0,2.0,1,0,1,0,0,0,0,1,-4.173055385000897,0.05543514087847237
92,A24 Pay-1 Film,,2024-07-01,2.2196969696969697,movies,acquired,Silver,other,1,0,2.0,1,0,1,0,0,0,0,1,-4.173055385000897,0.05543514087847237
93,A24 Pay-1 Film,,2024-09-01,2.2196969696969697,movies,acquired,Silver,other,1,0,2.0,1,0,1,0,0,0,0,1,-4.173055385000897,0.05543514087847237
94,A24 Pay-1 Film,,2024-10-01,2.2196969696969697,movies,acquired,Silver,other,1,0,2.0,1,0,1,0,0,0,0,1,-4.173055385000897,0.05543514087847237
95,A24 Pay-1 Film,,2024-11-01,2.2196969696969697,movies,acquired,Silver,other,1,0,2.0,1,0,1,0,0,0,0,1,-4.173055385000897,0.05543514087847237
96,A24 Pay-1 Film,,2025-01-01,2.2196969696969697,movies,acquired,Silver,other,1,0,2.0,1,0,1,0,0,0,0,1,-4.173055385000897,0.05543514087847237
97,A24 Pay-1 Film,,2025-02-01,2.2196969696969697,movies,acquired,Silver,other,1,0,2.0,1,0,1,0,0,0,0,1,-4.173055385000897,0.05543514087847237
98,A24 Pay-1 Film,,2025-05-01,2.2196969696969697,movies,acquired,Silver,other,1,0,2.0,1,0,1,0,0,0,0,1,-4.173055385000897,0.05543514087847237
99,A24 Pay-1 Film,,2025-06-01,2.2196969696969697,movies,acquired,Silver,other,1,0,2.0,1,0,1,0,0,0,0,1,-4.173055385000897,0.05543514087847237
100,A24 Pay-1 Film,,2025-07-01,2.2196969696969697,movies,acquired,Silver,other,1,0,2.0,1,0,1,0,0,0,0,1,-4.173055385000897,0.05543514087847237
101,A24 Pay-1 Film,,2025-09-01,2.2196969696969697,movies,acquired,Silver,other,1,0,2.0,1,0,1,0,0,0,0,1,-4.173055385000897,0.05543514087847237
102,A24 Pay-1 Film,,2025-10-01,2.2196969696969697,movies,acquired,Silver,other,1,0,2.0,1,0,1,0,0,0,0,1,-4.173055385000897,0.05543514087847237
103,A24 Pay-1 Film,,2025-11-01,2.2196969696969697,movies,acquired,Silver,other,1,0,2.0,1,0,1,0,0,0,0,1,-4.173055385000897,0.05543514087847237
104,A24 Pay-1 Film,,2026-01-01,2.2196969696969697,movies,acquired,Silver,other,1,0,2.0,1,0,1,0,0,0,0,1,-4.173055385000897,0.05543514087847237
105,A24 Pay-1 Film,,2026-02-01,2.2196969696969697,movies,acquired,Silver,other,1,0,2.0,1,0,1,0,0,0,0,1,-4.173055385000897,0.05543514087847237
106,A24 Pay-1 Film,,2026-05-01,2.2196969696969697,movies,acquired,Silver,other,1,0,2.0,1,0,1,0,0,0,0,1,-4.173055385000897,0.05543514087847237
107,A24 Pay-1 Film,,2026-06-01,2.2196969696969697,movies,acquired,Silver,other,1,0,2.0,1,0,1,0,0,0,0,1,-4.173055385000897,0.05543514087847237
108,A24 Pay-1 Film,,2026-07-01,2.2196969696969697,movies,acquired,Silver,other,1,0,2.0,1,0,1,0,0,0,0,1,-4.173055385000897,0.05543514087847237
109,A24 Pay-1 Film,,2026-09-01,2.2196969696969697,movies,acquired,Silver,other,1,0,2.0,1,0,1,0,0,0,0,1,-4.173055385000897,0.05543514087847237
110,A24 Pay-1 Film,,2026-10-01,2.2196969696969697,movies,acquired,Silver,other,1,0,2.0,1,0,1,0,0,0,0,1,-4.173055385000897,0.05543514087847237
111,A24 Pay-1 Film,,2026-11-01,2.2196969696969697,movies,acquired,Silver,other,1,0,2.0,1,0,1,0,0,0,0,1,-4.173055385000897,0.05543514087847237
112,A24 Pay-1 Film,,2027-01-01,2.2196969696969697,movies,acquired,Silver,other,1,0,2.0,1,0,1,0,0,0,0,1,-4.173055385000897,0.05543514087847237
113,A24 Pay-1 Film,,2027-02-01,2.2196969696969697,movies,acquired,Silver,other,1,0,2.0,1,0,1,0,0,0,0,1,-4.173055385000897,0.05543514087847237
114,100 FOOT WAVE S2,2.0,2023-04-01,6.0,series,original,Platinum,other,0,0,0.0,0,1,0,1,0,0,0,1,-2.497933513873758,0.17703008796218506
115,HER NAME WAS TAWANA,1.0,2023-11-01,5.0,series,original,Platinum,other,0,0,0.0,0,1,0,1,0,0,0,1,-2.497933513873758,0.17703008796218506
116,"THE JINX, PART TWO",2.0,2023-10-01,6.5,series,original,Platinum,other,0,0,0.0,0,1,0,1,0,0,0,1,-2.497933513873758,0.17703008796218506
117,LAST WEEK TONIGHT WITH JOHN OLIVER S10,10.0,2023-02-01,15.0,series,original,Platinum,other,0,0,0.0,0,1,0,1,0,0,0,1,-2.497933513873758,0.17703008796218506
118,THE YOGURT SHOP MURDERS,1.0,2024-09-01,4.0,series,original,Platinum,other,0,0,0.0,0,1,0,1,0,0,0,1,-2.497933513873758,0.17703008796218506
119,ANGEL CITY,1.0,2023-05-01,3.0,series,original,Platinum,other,0,0,0.0,0,1,0,1,0,0,0,1,-2.497933513873758,0.17703008796218506
120,TBD DOCUSERIES F,1.0,2026-09-01,4.0,series,original,Platinum,other,0,0,0.0,0,1,0,1,0,0,0,1,-2.497933513873758,0.17703008796218506
121,THE TELEMARKETERS,1.0,2023-08-01,3.0,series,original,Platinum,other,0,0,0.0,0,1,0,1,0,0,0,1,-2.497933513873758,0.17703008796218506
122,TBD DOCUSERIES G,1.0,2026-12-01,6.0,series,original,Platinum,other,0,0,0.0,0,1,0,1,0,0,0,1,-2.497933513873758,0.17703008796218506
123,EDGE OF THE EARTH S2,2.0,2025-10-01,4.0,series,original,Platinum,other,0,0,0.0,0,1,0,1,0,0,0,1,-2.497933513873758,0.17703008796218506
124,TBD DOCUSERIES B,1.0,2026-03-01,3.0,series,original,Platinum,other,0,0,0.0,0,1,0,1,0,0,0,1,-2.497933513873758,0.17703008796218506
125,TBD DOCUSERIES E,1.0,2026-02-01,12.0,series,original,Platinum,other,0,0,0.0,0,1,0,1,0,0,0,1,-2.497933513873758,0.17703008796218506
126,BLOOD IN THE GARDEN,1.0,2026-05-01,9.0,series,original,Platinum,other,0,0,0.0,0,1,0,1,0,0,0,1,-2.497933513873758,0.17703008796218506
127,TBD DOCUSERIES C,1.0,2026-04-01,6.0,series,original,Platinum,other,0,0,0.0,0,1,0,1,0,0,0,1,-2.497933513873758,0.17703008796218506
128,TBD DOCUSERIES A,1.0,2026-01-01,4.5,series,original,Platinum,other,0,0,0.0,0,1,0,1,0,0,0,1,-2.497933513873758,0.17703008796218506
129,TBD DOCUSERIES D,1.0,2026-07-01,3.0,series,original,Platinum,other,0,0,0.0,0,1,0,1,0,0,0,1,-2.497933513873758,0.17703008796218506
130,LAST WEEK TONIGHT WITH JOHN OLIVER S11,11.0,2024-02-01,15.0,series,original,Platinum,other,0,0,0.0,0,1,0,1,0,0,0,1,-2.497933513873758,0.17703008796218506
131,CELTICS PROJECT,1.0,2024-09-01,9.0,series,original,Platinum,other,0,0,0.0,0,1,0,1,0,0,0,1,-2.497933513873758,0.17703008796218506
132,2025 TBD DOCUSERIES C,1.0,2026-04-01,6.0,series,original,Platinum,other,0,0,0.0,0,1,0,1,0,0,0,1,-2.497933513873758,0.17703008796218506
133,LAST WEEK TONIGHT WITH JOHN OLIVER S12,12.0,2025-02-01,15.0,series,original,Platinum,other,0,0,0.0,0,1,0,1,0,0,0,1,-2.497933513873758,0.17703008796218506
134,2025 TBD DOCUSERIES B,1.0,2026-06-01,3.0,series,original,Platinum,other,0,0,0.0,0,1,0,1,0,0,0,1,-2.497933513873758,0.17703008796218506
135,2025 TBD DOCUSERIES A,1.0,2026-01-01,4.5,series,original,Platinum,other,0,0,0.0,0,1,0,1,0,0,0,1,-2.497933513873758,0.17703008796218506
136,2025 TBD DOCUSERIES D,1.0,2026-07-01,3.0,series,original,Platinum,other,0,0,0.0,0,1,0,1,0,0,0,1,-2.497933513873758,0.17703008796218506
137,SAVIOR COMPLEX,1.0,2023-07-01,3.0,series,original,Platinum,other,0,0,0.0,0,1,0,1,0,0,0,1,-2.497933513873758,0.17703008796218506
138,EYES ON THE PRIZE,1.0,2024-02-01,6.0,series,original,Platinum,other,0,0,0.0,0,1,0,1,0,0,0,1,-2.497933513873758,0.17703008796218506
139,GOD SAVE TEXAS: PRISONS,1.0,2024-03-01,4.5,series,original,Platinum,other,0,0,0.0,0,1,0,1,0,0,0,1,-2.497933513873758,0.17703008796218506
140,STAX,1.0,2023-10-01,4.0,series,original,Platinum,other,0,0,0.0,0,1,0,1,0,0,0,1,-2.497933513873758,0.17703008796218506
141,2025 TBD DOCUSERIES F,1.0,2026-09-01,4.0,series,original,Platinum,other,0,0,0.0,0,1,0,1,0,0,0,1,-2.497933513873758,0.17703008796218506
142,2025 TBD DOCUSERIES E,1.0,2026-02-01,12.0,series,original,Platinum,other,0,0,0.0,0,1,0,1,0,0,0,1,-2.497933513873758,0.17703008796218506
143,LOVE HAS WON,1.0,2023-09-01,3.0,series,original,Platinum,other,0,0,0.0,0,1,0,1,0,0,0,1,-2.497933513873758,0.17703008796218506
144,THE FIX,1.0,2024-10-01,2.0,series,original,Platinum,other,0,0,0.0,0,1,0,1,0,0,0,1,-2.497933513873758,0.17703008796218506
145,MONSTERS OF GOD,1.0,2024-03-01,6.0,series,original,Platinum,other,0,0,0.0,0,1,0,1,0,0,0,1,-2.497933513873758,0.17703008796218506
146,RENAISSANCE FAIR,1.0,2024-10-01,3.0,series,original,Platinum,other,0,0,0.0,0,1,0,1,0,0,0,1,-2.497933513873758,0.17703008796218506
147,NAVAJO POLICE: CLASS 57,1.0,2023-11-01,3.0,series,original,Platinum,other,0,0,0.0,0,1,0,1,0,0,0,1,-2.497933513873758,0.17703008796218506
148,100 FOOT WAVE S3,3.0,2025-04-01,6.0,series,original,Platinum,other,0,0,0.0,0,1,0,1,0,0,0,1,-2.497933513873758,0.17703008796218506
149,WE'RE HERE S4,4.0,2024-04-01,6.0,series,original,Platinum,other,0,0,0.0,0,1,0,1,0,0,0,1,-2.497933513873758,0.17703008796218506
150,LAST WEEK TONIGHT WITH JOHN OLIVER S13,13.0,2026-02-01,15.0,series,original,Platinum,other,0,0,0.0,0,1,0,1,0,0,0,1,-2.497933513873758,0.17703008796218506
151,GREMLINS: SECRETS OF THE MOGWAI S1,1.0,2023-05-01,5.0,series,original,Platinum,other,0,0,0.0,0,1,0,1,0,0,0,1,-2.497933513873758,0.17703008796218506
152,SUPERPOWERED: THE DC STORY,1.0,2023-07-01,3.0,series,original,Platinum,other,0,0,0.0,0,1,0,1,0,0,0,1,-2.497933513873758,0.17703008796218506
153,THE CLIMB S1,1.0,2023-01-01,8.0,series,original,Platinum,other,0,0,0.0,0,1,0,1,0,0,0,1,-2.497933513873758,0.17703008796218506
154,SWIPING ACROSS AMERICA S1,1.0,2023-06-01,8.0,series,original,Platinum,other,0,0,0.0,0,1,0,1,0,0,0,1,-2.497933513873758,0.17703008796218506
155,AN UPDATE ON OUR FAMILY,1.0,2024-01-01,3.0,series,original,Platinum,other,0,0,0.0,0,1,0,1,0,0,0,1,-2.497933513873758,0.17703008796218506
156,PROJECT GREENLIGHT S1,1.0,2023-07-01,10.0,series,original,Platinum,other,0,0,0.0,0,1,0,1,0,0,0,1,-2.497933513873758,0.17703008796218506
157,WARNER BROS 100 YEARS DOCUSERIES,1.0,2023-05-01,4.0,series,original,Platinum,other,0,0,0.0,0,1,0,1,0,0,0,1,-2.497933513873758,0.17703008796218506
158,TRAVELERS OF MURPHY VILLAGE,1.0,2025-01-01,3.0,series,original,Platinum,other,0,0,0.0,0,1,0,1,0,0,0,1,-2.497933513873758,0.17703008796218506
159,BREATH OF FIRE,1.0,2025-03-01,3.0,series,original,Platinum,other,0,0,0.0,0,1,0,1,0,0,0,1,-2.497933513873758,0.17703008796218506
160,GREMLINS: SECRETS OF THE MOGWAI S2,2.0,2024-10-01,5.0,series,original,Platinum,other,0,0,0.0,0,1,0,1,0,0,0,1,-2.497933513873758,0.17703008796218506
161,CONAN TRAVEL SERIES,1.0,2023-10-01,4.0,series,original,Platinum,other,0,0,0.0,0,1,0,1,0,0,0,1,-2.497933513873758,0.17703008796218506
162,AQUAGIRL S1 / TBD,1.0,2025-02-01,1.25,series,original,Platinum,other,0,0,0.0,0,1,0,1,0,0,0,1,-2.497933513873758,0.17703008796218506
163,CHARLOTTE'S WEB,1.0,2025-10-01,3.0,series,original,Platinum,other,0,0,0.0,0,1,0,1,0,0,0,1,-2.497933513873758,0.17703008796218506
164,GREMLINS: SECRETS OF THE MOGWAI S3 / TBD SERIES,3.0,2025-11-01,5.0,series,original,Platinum,other,0,0,0.0,0,1,0,1,0,0,0,1,-2.497933513873758,0.17703008796218506
165,American Masters/PBS Library,1.0,2024-01-01,4.5,series,acquired,Platinum,other,0,0,0.0,0,1,1,0,0,0,0,1,-2.0944902585028853,0.23415077877507268
166,Love off the Grid S2,2.0,2024-01-01,5.6,series,acquired,Platinum,other,0,0,0.0,0,1,1,0,0,0,0,1,-2.0944902585028853,0.23415077877507268
167,"My Grandfather, The Zodiac Killer",1.0,2024-01-01,4.5,series,acquired,Platinum,other,0,0,0.0,0,1,1,0,0,0,0,1,-2.0944902585028853,0.23415077877507268
168,Smartless,1.0,2024-01-01,5.6,series,acquired,Platinum,other,0,0,0.0,0,1,1,0,0,0,0,1,-2.0944902585028853,0.23415077877507268
169,Chasing Flavor (Off the Eaten Path With Carla Hall),1.0,2024-01-01,5.6,series,acquired,Platinum,other,0,0,0.0,0,1,1,0,0,0,0,1,-2.0944902585028853,0.23415077877507268
170,Robert Downey Jr's Dream Cars,1.0,2024-01-01,5.6,series,acquired,Platinum,other,0,0,0.0,0,1,1,0,0,0,0,1,-2.0944902585028853,0.23415077877507268
171,On the Roam with Jason Momoa,1.0,2024-01-01,5.6,series,acquired,Platinum,other,0,0,0.0,0,1,1,0,0,0,0,1,-2.0944902585028853,0.23415077877507268
172,Justice USA,1.0,2024-01-01,5.6,series,acquired,Platinum,other,0,0,0.0,0,1,1,0,0,0,0,1,-2.0944902585028853,0.23415077877507268
173,BBC Titles + Library,1.0,2024-01-01,5.6,series,acquired,Platinum,other,0,0,0.0,0,1,1,0,0,0,0,1,-2.0944902585028853,0.23415077877507268
174,RAMY YOUSSEF SPECIAL,,2023-11-01,1.0,movies,original,Gold,other,0,0,1.0,1,0,0,1,0,0,0,1,-3.9979127025326626,0.06259049071755185
175,SEEN & HEARD,,2024-05-01,3.0,movies,original,Gold,other,0,0,1.0,1,0,0,1,0,0,0,1,-3.9979127025326626,0.06259049071755185
176,BS HIGH,,2023-08-01,1.5,movies,original,Gold,other,0,0,1.0,1,0,0,1,0,0,0,1,-3.9979127025326626,0.06259049071755185
177,HARD KNOCKS S18,18.0,2023-08-01,5.0,movies,original,Gold,other,0,0,1.0,1,0,0,1,0,0,0,1,-3.9979127025326626,0.06259049071755185
178,HARD KNOCKS S19,19.0,2024-08-01,5.0,movies,original,Gold,other,0,0,1.0,1,0,0,1,0,0,0,1,-3.9979127025326626,0.06259049071755185
179,2025 TBD SPECIALS,,2025-05-01,25.0,movies,original,Gold,other,0,0,1.0,1,0,0,1,0,0,0,1,-3.9979127025326626,0.06259049071755185
180,HARD KNOCKS S20,20.0,2025-08-01,5.0,movies,original,Gold,other,0,0,1.0,1,0,0,1,0,0,0,1,-3.9979127025326626,0.06259049071755185
181,"LOVE TO LOVE YOU, DONNA SUMMER",,2023-05-01,2.0,movies,original,Gold,other,0,0,1.0,1,0,0,1,0,0,0,1,-3.9979127025326626,0.06259049071755185
182,LION QUEEN,,2025-02-01,1.5,movies,original,Gold,other,0,0,1.0,1,0,0,1,0,0,0,1,-3.9979127025326626,0.06259049071755185
183,ESPIONAGE,,2024-02-01,1.5,movies,original,Gold,other,0,0,1.0,1,0,0,1,0,0,0,1,-3.9979127025326626,0.06259049071755185
184,WELCOME TO TOPEKA,,2024-09-01,1.5,movies,original,Gold,other,0,0,1.0,1,0,0,1,0,0,0,1,-3.9979127025326626,0.06259049071755185
185,BEHIND THE COIN,,2024-02-01,1.5,movies,original,Gold,other,0,0,1.0,1,0,0,1,0,0,0,1,-3.9979127025326626,0.06259049071755185
186,DAVID HOLMES PROJECT,,2023-11-01,1.5,movies,original,Gold,other,0,0,1.0,1,0,0,1,0,0,0,1,-3.9979127025326626,0.06259049071755185
187,THE WEEKND: LIVE AT SOFI STADIUM,,2023-02-01,1.5,movies,original,Gold,other,0,0,1.0,1,0,0,1,0,0,0,1,-3.9979127025326626,0.06259049071755185
188,HARD KNOCKS IN SEASON S3,3.0,2023-11-01,9.0,movies,original,Gold,other,0,0,1.0,1,0,0,1,0,0,0,1,-3.9979127025326626,0.06259049071755185
189,UNT. CONSUMERISM PROJECT,,2025-12-01,1.5,movies,original,Gold,other,0,0,1.0,1,0,0,1,0,0,0,1,-3.9979127025326626,0.06259049071755185
190,ELIZABETH TAYLOR PROJECT,,2025-05-01,1.5,movies,original,Gold,other,0,0,1.0,1,0,0,1,0,0,0,1,-3.9979127025326626,0.06259049071755185
191,SIREN,,2025-03-01,1.5,movies,original,Gold,other,0,0,1.0,1,0,0,1,0,0,0,1,-3.9979127025326626,0.06259049071755185
192,THE MORTICIANS,,2025-03-01,1.5,movies,original,Gold,other,0,0,1.0,1,0,0,1,0,0,0,1,-3.9979127025326626,0.06259049071755185
193,BILLY JOEL,,2024-05-01,3.0,movies,original,Gold,other,0,0,1.0,1,0,0,1,0,0,0,1,-3.9979127025326626,0.06259049071755185
194,MUSIC BOX: JASON ISBELL: RUNNING WITH OUR EYES CLOSED,,2023-04-01,1.5,movies,original,Gold,other,0,0,1.0,1,0,0,1,0,0,0,1,-3.9979127025326626,0.06259049071755185
195,SOPRANOS DOC,,2025-10-01,1.5,movies,original,Gold,other,0,0,1.0,1,0,0,1,0,0,0,1,-3.9979127025326626,0.06259049071755185
196,HARD KNOCKS IN SEASON S4,4.0,2024-11-01,9.0,movies,original,Gold,other,0,0,1.0,1,0,0,1,0,0,0,1,-3.9979127025326626,0.06259049071755185
197,ALBERT BROOKS: DEFENDING HIS LIFE,,2024-05-01,1.5,movies,original,Gold,other,0,0,1.0,1,0,0,1,0,0,0,1,-3.9979127025326626,0.06259049071755185
198,MACKENZIE FIERCETON PROJECT,,2025-11-01,1.5,movies,original,Gold,other,0,0,1.0,1,0,0,1,0,0,0,1,-3.9979127025326626,0.06259049071755185
199,HARD KNOCKS IN SEASON S5,5.0,2025-11-01,9.0,movies,original,Gold,other,0,0,1.0,1,0,0,1,0,0,0,1,-3.9979127025326626,0.06259049071755185
200,WHEN A WITNESS RECANTS,,2025-12-01,1.5,movies,original,Gold,other,0,0,1.0,1,0,0,1,0,0,0,1,-3.9979127025326626,0.06259049071755185
201, MARISKA HARGITAY / JAYNE MANSFIELD PROJECT,,2025-11-01,1.5,movies,original,Gold,other,0,0,1.0,1,0,0,1,0,0,0,1,-3.9979127025326626,0.06259049071755185
202,2026 TBD SPECIALS,,2026-05-01,25.0,movies,original,Gold,other,0,0,1.0,1,0,0,1,0,0,0,1,-3.9979127025326626,0.06259049071755185
203,THE DARK WIZARD,,2025-08-01,1.5,movies,original,Gold,other,0,0,1.0,1,0,0,1,0,0,0,1,-3.9979127025326626,0.06259049071755185
204,HARD KNOCKS IN SEASON S6,,2026-11-01,9.0,movies,original,Gold,other,0,0,1.0,1,0,0,1,0,0,0,1,-3.9979127025326626,0.06259049071755185
205,DOCU TBD 3,,2024-09-01,1.5,movies,original,Gold,other,0,0,1.0,1,0,0,1,0,0,0,1,-3.9979127025326626,0.06259049071755185
206,DOCU TBD 4,,2024-11-01,1.5,movies,original,Gold,other,0,0,1.0,1,0,0,1,0,0,0,1,-3.9979127025326626,0.06259049071755185
207,2026 TBD DOCUMENTARIES,,2026-05-01,37.0,movies,original,Gold,other,0,0,1.0,1,0,0,1,0,0,0,1,-3.9979127025326626,0.06259049071755185
208,HARD KNOCKS S21,21.0,2026-09-01,5.0,movies,original,Gold,other,0,0,1.0,1,0,0,1,0,0,0,1,-3.9979127025326626,0.06259049071755185
209,BAMA RUSH,,2023-05-01,1.5,movies,original,Gold,other,0,0,1.0,1,0,0,1,0,0,0,1,-3.9979127025326626,0.06259049071755185
210,TRACY MORGAN SPECIAL,,2023-08-01,1.0,movies,original,Gold,other,0,0,1.0,1,0,0,1,0,0,0,1,-3.9979127025326626,0.06259049071755185
211,BRANDY HELLVILLE,,2025-01-01,1.5,movies,original,Gold,other,0,0,1.0,1,0,0,1,0,0,0,1,-3.9979127025326626,0.06259049071755185
212,Low 2,,2024-08-01,4.894736842105263,movies,acquired,Gold,other,1,0,1.0,1,0,1,0,0,0,0,1,-3.2346358482192445,0.10623743698270605
213,Low 3,,2025-01-01,4.894736842105263,movies,acquired,Gold,other,1,0,1.0,1,0,1,0,0,0,0,1,-3.2346358482192445,0.10623743698270605
214,Low 1,,2025-03-01,4.894736842105263,movies,acquired,Gold,other,1,0,1.0,1,0,1,0,0,0,0,1,-3.2346358482192445,0.10623743698270605
215,Low 2,,2025-07-01,4.894736842105263,movies,acquired,Gold,other,1,0,1.0,1,0,1,0,0,0,0,1,-3.2346358482192445,0.10623743698270605
216,Low 3,,2025-09-01,4.894736842105263,movies,acquired,Gold,other,1,0,1.0,1,0,1,0,0,0,0,1,-3.2346358482192445,0.10623743698270605
217,Low 4,,2025-10-01,4.894736842105263,movies,acquired,Gold,other,1,0,1.0,1,0,1,0,0,0,0,1,-3.2346358482192445,0.10623743698270605
218,Placeholder Pay 1 - Warner,,2026-09-01,4.894736842105263,movies,acquired,Gold,other,1,0,1.0,1,0,1,0,0,0,0,1,-3.2346358482192445,0.10623743698270605
219,Placeholder Pay 1 - Warner,,2026-12-01,4.894736842105263,movies,acquired,Gold,other,1,0,1.0,1,0,1,0,0,0,0,1,-3.2346358482192445,0.10623743698270605
220,Placeholder Pay 1 - Warner,,2026-04-01,4.894736842105263,movies,acquired,Gold,other,1,0,1.0,1,0,1,0,0,0,0,1,-3.2346358482192445,0.10623743698270605
221,Placeholder Pay 1 - Warner,,2026-06-01,4.894736842105263,movies,acquired,Gold,other,1,0,1.0,1,0,1,0,0,0,0,1,-3.2346358482192445,0.10623743698270605
222,Placeholder Pay 1 - Warner,,2026-08-01,4.894736842105263,movies,acquired,Gold,other,1,0,1.0,1,0,1,0,0,0,0,1,-3.2346358482192445,0.10623743698270605
223,Placeholder Pay 1 - Warner,,2027-07-01,4.894736842105263,movies,acquired,Gold,other,1,0,1.0,1,0,1,0,0,0,0,1,-3.2346358482192445,0.10623743698270605
224,Placeholder Pay 1 - Warner,,2027-10-01,4.894736842105263,movies,acquired,Gold,other,1,0,1.0,1,0,1,0,0,0,0,1,-3.2346358482192445,0.10623743698270605
225,Placeholder Pay 1 - Warner,,2027-02-01,4.894736842105263,movies,acquired,Gold,other,1,0,1.0,1,0,1,0,0,0,0,1,-3.2346358482192445,0.10623743698270605
226,Placeholder Pay 1 - Warner,,2027-04-01,4.894736842105263,movies,acquired,Gold,other,1,0,1.0,1,0,1,0,0,0,0,1,-3.2346358482192445,0.10623743698270605
227,Placeholder Pay 1 - Warner,,2027-06-01,4.894736842105263,movies,acquired,Gold,other,1,0,1.0,1,0,1,0,0,0,0,1,-3.2346358482192445,0.10623743698270605
228,Placeholder Pay 1 - Warner,,2028-05-01,4.894736842105263,movies,acquired,Gold,other,1,0,1.0,1,0,1,0,0,0,0,1,-3.2346358482192445,0.10623743698270605
229,Placeholder Pay 1 - Warner,,2028-08-01,4.894736842105263,movies,acquired,Gold,other,1,0,1.0,1,0,1,0,0,0,0,1,-3.2346358482192445,0.10623743698270605
230,Placeholder Pay 1 - Warner,,2028-12-01,4.894736842105263,movies,acquired,Gold,other,1,0,1.0,1,0,1,0,0,0,0,1,-3.2346358482192445,0.10623743698270605
231,Placeholder Pay 1 - Warner,,2028-02-01,4.894736842105263,movies,acquired,Gold,other,1,0,1.0,1,0,1,0,0,0,0,1,-3.2346358482192445,0.10623743698270605
232,Placeholder Pay 1 - Warner,,2028-04-01,4.894736842105263,movies,acquired,Gold,other,1,0,1.0,1,0,1,0,0,0,0,1,-3.2346358482192445,0.10623743698270605
233,Fox Pay-1 Film,,2024-05-01,4.894736842105263,movies,acquired,Gold,other,1,0,1.0,1,0,1,0,0,0,0,1,-3.2346358482192445,0.10623743698270605
234,Fox Pay-1 Film,,2024-07-01,4.894736842105263,movies,acquired,Gold,other,1,0,1.0,1,0,1,0,0,0,0,1,-3.2346358482192445,0.10623743698270605
235,Fox Pay-1 Film,,2024-09-01,4.894736842105263,movies,acquired,Gold,other,1,0,1.0,1,0,1,0,0,0,0,1,-3.2346358482192445,0.10623743698270605
236,Fox Pay-1 Film,,2024-11-01,4.894736842105263,movies,acquired,Gold,other,1,0,1.0,1,0,1,0,0,0,0,1,-3.2346358482192445,0.10623743698270605
237,Fox Pay-1 Film,,2025-01-01,4.894736842105263,movies,acquired,Gold,other,1,0,1.0,1,0,1,0,0,0,0,1,-3.2346358482192445,0.10623743698270605
238,Fox Pay-1 Film,,2025-03-01,4.894736842105263,movies,acquired,Gold,other,1,0,1.0,1,0,1,0,0,0,0,1,-3.2346358482192445,0.10623743698270605
239,Fox Pay-1 Film,,2025-05-01,4.894736842105263,movies,acquired,Gold,other,1,0,1.0,1,0,1,0,0,0,0,1,-3.2346358482192445,0.10623743698270605
240,Fox Pay-1 Film,,2025-07-01,4.894736842105263,movies,acquired,Gold,other,1,0,1.0,1,0,1,0,0,0,0,1,-3.2346358482192445,0.10623743698270605
241,Fox Pay-1 Film,,2025-09-01,4.894736842105263,movies,acquired,Gold,other,1,0,1.0,1,0,1,0,0,0,0,1,-3.2346358482192445,0.10623743698270605
242,Fox Pay-1 Film,,2025-11-01,4.894736842105263,movies,acquired,Gold,other,1,0,1.0,1,0,1,0,0,0,0,1,-3.2346358482192445,0.10623743698270605
243,Fox Pay-1 Film,,2026-01-01,4.894736842105263,movies,acquired,Gold,other,1,0,1.0,1,0,1,0,0,0,0,1,-3.2346358482192445,0.10623743698270605
244,Fox Pay-1 Film,,2026-03-01,4.894736842105263,movies,acquired,Gold,other,1,0,1.0,1,0,1,0,0,0,0,1,-3.2346358482192445,0.10623743698270605
245,A24 Pay-1 Film,,2024-04-01,4.894736842105263,movies,acquired,Gold,other,1,0,1.0,1,0,1,0,0,0,0,1,-3.2346358482192445,0.10623743698270605
246,A24 Pay-1 Film,,2024-08-01,4.894736842105263,movies,acquired,Gold,other,1,0,1.0,1,0,1,0,0,0,0,1,-3.2346358482192445,0.10623743698270605
247,A24 Pay-1 Film,,2024-12-01,4.894736842105263,movies,acquired,Gold,other,1,0,1.0,1,0,1,0,0,0,0,1,-3.2346358482192445,0.10623743698270605
248,A24 Pay-1 Film,,2025-04-01,4.894736842105263,movies,acquired,Gold,other,1,0,1.0,1,0,1,0,0,0,0,1,-3.2346358482192445,0.10623743698270605
249,A24 Pay-1 Film,,2025-08-01,4.894736842105263,movies,acquired,Gold,other,1,0,1.0,1,0,1,0,0,0,0,1,-3.2346358482192445,0.10623743698270605
250,A24 Pay-1 Film,,2025-12-01,4.894736842105263,movies,acquired,Gold,other,1,0,1.0,1,0,1,0,0,0,0,1,-3.2346358482192445,0.10623743698270605
251,A24 Pay-1 Film,,2026-04-01,4.894736842105263,movies,acquired,Gold,other,1,0,1.0,1,0,1,0,0,0,0,1,-3.2346358482192445,0.10623743698270605
252,A24 Pay-1 Film,,2026-08-01,4.894736842105263,movies,acquired,Gold,other,1,0,1.0,1,0,1,0,0,0,0,1,-3.2346358482192445,0.10623743698270605
253,A24 Pay-1 Film,,2026-12-01,4.894736842105263,movies,acquired,Gold,other,1,0,1.0,1,0,1,0,0,0,0,1,-3.2346358482192445,0.10623743698270605
254,BURDEN OF PROOF,1.0,2023-06-01,4.0,series,original,Silver,other,0,0,2.0,0,1,0,1,0,0,0,1,-4.651425007841402,0.03979069731678844
255,BEA'S BLOCK S1A,1.0,2024-02-01,3.0,series,original,Silver,other,0,0,2.0,0,1,0,1,0,0,0,1,-4.651425007841402,0.03979069731678844
256,LOONEY TUNES SEASON -1_J,1.0,2023-07-01,2.0,series,original,Silver,other,0,0,2.0,0,1,0,1,0,0,0,1,-4.651425007841402,0.03979069731678844
257,BEA'S BLOCK S1B,1.0,2024-02-01,2.75,series,original,Silver,other,0,0,2.0,0,1,0,1,0,0,0,1,-4.651425007841402,0.03979069731678844
258,"CRAIG OF THE CREEK: THE WATERS OF
FATE",1.0,2024-01-01,2.0,series,original,Silver,other,0,0,2.0,0,1,0,1,0,0,0,1,-4.651425007841402,0.03979069731678844
259,SESAME S-54 (35),54.0,2023-11-01,17.5,series,original,Silver,other,0,0,2.0,0,1,0,1,0,0,0,1,-4.651425007841402,0.03979069731678844
260,SESAME S-55 (35),55.0,2024-11-01,17.5,series,original,Silver,other,0,0,2.0,0,1,0,1,0,0,0,1,-4.651425007841402,0.03979069731678844
261,TOM & JERRY TIME - S1B,1.0,2024-09-01,1.6666666669999999,series,original,Silver,other,0,0,2.0,0,1,0,1,0,0,0,1,-4.651425007841402,0.03979069731678844
262,SESAME STREET S56 / TBD,56.0,2025-11-01,17.5,series,original,Silver,other,0,0,2.0,0,1,0,1,0,0,0,1,-4.651425007841402,0.03979069731678844
263,TOM & JERRY TIME - S1C,1.0,2024-09-01,2.0,series,original,Silver,other,0,0,2.0,0,1,0,1,0,0,0,1,-4.651425007841402,0.03979069731678844
264,SCOOBY DOO AND THE MYSTERY PUPS -S1A,1.0,2024-10-01,2.5,series,original,Silver,other,0,0,2.0,0,1,0,1,0,0,0,1,-4.651425007841402,0.03979069731678844
265,SCOOBY DOO AND THE MYSTERY PUPS -S1B,1.0,2023-09-01,2.5,series,original,Silver,other,0,0,2.0,0,1,0,1,0,0,0,1,-4.651425007841402,0.03979069731678844
266,TBD SESAME SPECIAL '23 #1,1.0,2024-08-01,0.5,series,original,Silver,other,0,0,2.0,0,1,0,1,0,0,0,1,-4.651425007841402,0.03979069731678844
267,TBD SESAME SPECIAL '23 #2,1.0,2024-10-01,0.5,series,original,Silver,other,0,0,2.0,0,1,0,1,0,0,0,1,-4.651425007841402,0.03979069731678844
268,TBD SESAME SPECIAL '23 #3,1.0,2024-12-01,0.5,series,original,Silver,other,0,0,2.0,0,1,0,1,0,0,0,1,-4.651425007841402,0.03979069731678844
269,LOONEY TUNES SEASON -1_I,1.0,2023-04-01,2.25,series,original,Silver,other,0,0,2.0,0,1,0,1,0,0,0,1,-4.651425007841402,0.03979069731678844
270,HOME SWEET ROME S1,1.0,2024-04-01,3.25,series,original,Silver,other,0,0,2.0,0,1,0,1,0,0,0,1,-4.651425007841402,0.03979069731678844
271,BEA'S BLOCK S1C,1.0,2024-02-01,2.0,series,original,Silver,other,0,0,2.0,0,1,0,1,0,0,0,1,-4.651425007841402,0.03979069731678844
272,BEA'S BLOCK S1D,1.0,2025-05-01,2.5,series,original,Silver,other,0,0,2.0,0,1,0,1,0,0,0,1,-4.651425007841402,0.03979069731678844
273,SCOOBY DOO AND THE MYSTERY PUPS -S1C,1.0,2025-05-01,2.5,series,original,Silver,other,0,0,2.0,0,1,0,1,0,0,0,1,-4.651425007841402,0.03979069731678844
274,SCOOBY DOO & THE MYSTERY PUPS S1D,1.0,2025-10-01,2.5,series,original,Silver,other,0,0,2.0,0,1,0,1,0,0,0,1,-4.651425007841402,0.03979069731678844
275,January 6th (Insurrection Day),1.0,2023-01-01,4.5,series,acquired,Silver,other,0,0,2.0,0,1,1,0,0,0,0,1,-4.24798175247053,0.052629600267268636
276,A&E Year 3 + 4 - Unscripted Catalog,3.0,2023-01-01,4.54876543211111,series,acquired,Silver,other,0,0,2.0,0,1,1,0,0,0,0,1,-4.24798175247053,0.052629600267268636
277,Kendra Sells Hollywood S2,2.0,2024-01-01,5.6,series,acquired,Silver,other,0,0,2.0,0,1,1,0,0,0,0,1,-4.24798175247053,0.052629600267268636
278,Serving The Hamptons - S2,2.0,2024-01-01,5.6,series,acquired,Silver,other,0,0,2.0,0,1,1,0,0,0,0,1,-4.24798175247053,0.052629600267268636
279,Won't Be Silent,1.0,2024-01-01,5.6,series,acquired,Silver,other,0,0,2.0,0,1,1,0,0,0,0,1,-4.24798175247053,0.052629600267268636
280,Thirst,1.0,2024-01-01,5.6,series,acquired,Silver,other,0,0,2.0,0,1,1,0,0,0,0,1,-4.24798175247053,0.052629600267268636
281,American Aryans,1.0,2024-01-01,4.5,series,acquired,Silver,other,0,0,2.0,0,1,1,0,0,0,0,1,-4.24798175247053,0.052629600267268636
282,THE IDOL S1,1.0,2023-06-01,5.0,series,original,Silver,drama,0,0,2.0,0,1,0,1,0,0,1,1,-4.780786843954255,0.03637807861001514
283,THE PALACE,1.0,2023-11-01,6.0,series,original,Silver,drama,0,0,2.0,0,1,0,1,0,0,1,1,-4.780786843954255,0.03637807861001514
284,THE IDOL S2,2.0,2025-08-01,6.0,series,original,Silver,drama,0,0,2.0,0,1,0,1,0,0,1,1,-4.780786843954255,0.03637807861001514
285,THE WHITE LOTUS S3,3.0,2024-08-01,7.0,series,original,Silver,drama,0,0,2.0,0,1,0,1,0,0,1,1,-4.780786843954255,0.03637807861001514
286,THE WHITE LOTUS S4 / TBD,4.0,2025-11-01,6.0,series,original,Silver,drama,0,0,2.0,0,1,0,1,0,0,1,1,-4.780786843954255,0.03637807861001514
287,JULIA S2,2.0,2023-10-01,8.0,series,original,Silver,drama,0,0,2.0,0,1,0,1,0,0,1,1,-4.780786843954255,0.03637807861001514
288,TOKYO VICE S2,2.0,2024-02-01,10.0,series,original,Silver,drama,0,0,2.0,0,1,0,1,0,0,1,1,-4.780786843954255,0.03637807861001514
289,PRETTY LITTLE LIARS: SUMMER SCHOOL (S2),2.0,2023-12-01,8.0,series,original,Silver,drama,0,0,2.0,0,1,0,1,0,0,1,1,-4.780786843954255,0.03637807861001514
290,MORE S1 / TBD,1.0,2024-12-01,8.0,series,original,Silver,drama,0,0,2.0,0,1,0,1,0,0,1,1,-4.780786843954255,0.03637807861001514
291,DUSTER S1,1.0,2024-08-01,8.0,series,original,Silver,drama,0,0,2.0,0,1,0,1,0,0,1,1,-4.780786843954255,0.03637807861001514
292,ER S1,1.0,2024-11-01,10.0,series,original,Silver,drama,0,0,2.0,0,1,0,1,0,0,1,1,-4.780786843954255,0.03637807861001514
293,MORE S2 / TBD,2.0,2026-02-01,8.0,series,original,Silver,drama,0,0,2.0,0,1,0,1,0,0,1,1,-4.780786843954255,0.03637807861001514
294,TBD DRAMA A S1 '26,1.0,2026-06-01,8.0,series,original,Silver,drama,0,0,2.0,0,1,0,1,0,0,1,1,-4.780786843954255,0.03637807861001514
295,TBD DRAMA B S1 '26,1.0,2026-07-01,8.0,series,original,Silver,drama,0,0,2.0,0,1,0,1,0,0,1,1,-4.780786843954255,0.03637807861001514
296,GAME THEORY S2,2.0,2023-01-01,5.0,series,original,Gold,other,0,0,1.0,0,1,0,1,0,0,0,1,-3.71300547105975,0.07625599270970469
297,REAL SPORTS S29,29.0,2023-01-01,12.0,series,original,Gold,other,0,0,1.0,0,1,0,1,0,0,0,1,-3.71300547105975,0.07625599270970469
298,REAL TIME WITH BILL MAHER S21,21.0,2023-01-01,35.0,series,original,Gold,other,0,0,1.0,0,1,0,1,0,0,0,1,-3.71300547105975,0.07625599270970469
299,REAL SPORTS S30,30.0,2024-01-01,12.0,series,original,Gold,other,0,0,1.0,0,1,0,1,0,0,0,1,-3.71300547105975,0.07625599270970469
300,REAL TIME WITH BILL MAHER S22,22.0,2024-01-01,35.0,series,original,Gold,other,0,0,1.0,0,1,0,1,0,0,0,1,-3.71300547105975,0.07625599270970469
301,REAL TIME WITH BILL MAHER S23,23.0,2025-01-01,35.0,series,original,Gold,other,0,0,1.0,0,1,0,1,0,0,0,1,-3.71300547105975,0.07625599270970469
302,GAME THEORY S4,4.0,2025-03-01,3.0,series,original,Gold,other,0,0,1.0,0,1,0,1,0,0,0,1,-3.71300547105975,0.07625599270970469
303,GAME THEORY S3,3.0,2024-03-01,5.0,series,original,Gold,other,0,0,1.0,0,1,0,1,0,0,0,1,-3.71300547105975,0.07625599270970469
304,REAL SPORTS S31,31.0,2025-01-01,12.0,series,original,Gold,other,0,0,1.0,0,1,0,1,0,0,0,1,-3.71300547105975,0.07625599270970469
305,PAINTING WITH JOHN S3,3.0,2023-06-01,3.0,series,original,Gold,other,0,0,1.0,0,1,0,1,0,0,0,1,-3.71300547105975,0.07625599270970469
306,THE PALLADINO FILES,1.0,2025-01-01,6.0,series,original,Gold,other,0,0,1.0,0,1,0,1,0,0,0,1,-3.71300547105975,0.07625599270970469
307,TBD NEWS/TALK SERIES S1,1.0,2024-07-01,4.0,series,original,Gold,other,0,0,1.0,0,1,0,1,0,0,0,1,-3.71300547105975,0.07625599270970469
308,TBD NEWS/TALK SERIES S2,2.0,2025-07-01,4.0,series,original,Gold,other,0,0,1.0,0,1,0,1,0,0,0,1,-3.71300547105975,0.07625599270970469
309,TBD NEWS/TALK SERIES S3,3.0,2026-07-01,4.0,series,original,Gold,other,0,0,1.0,0,1,0,1,0,0,0,1,-3.71300547105975,0.07625599270970469
310,REAL TIME WITH BILL MAHER S24,24.0,2026-01-01,35.0,series,original,Gold,other,0,0,1.0,0,1,0,1,0,0,0,1,-3.71300547105975,0.07625599270970469
311,GAME THEORY S5,5.0,2026-03-01,3.0,series,original,Gold,other,0,0,1.0,0,1,0,1,0,0,0,1,-3.71300547105975,0.07625599270970469
312,REAL SPORTS S32,32.0,2026-01-01,12.0,series,original,Gold,other,0,0,1.0,0,1,0,1,0,0,0,1,-3.71300547105975,0.07625599270970469
313,TOM & JERRY TIME - S1A,1.0,2024-09-01,1.6666666669999999,series,original,Gold,other,0,0,1.0,0,1,0,1,0,0,0,1,-3.71300547105975,0.07625599270970469
314,Prisoner of the Prophet (Escaping FLDS (Apostate)),1.0,2023-01-01,4.5,series,acquired,Gold,other,0,0,1.0,0,1,1,0,0,0,0,1,-3.3095622156888775,0.10086082137098448
315,Coming From America D+,1.0,2024-01-01,5.6,series,acquired,Gold,other,0,0,1.0,0,1,1,0,0,0,0,1,-3.3095622156888775,0.10086082137098448
316,What Are You Eating? (Your Foods Roots with Zooey Deschanel),1.0,2024-01-01,5.6,series,acquired,Gold,other,0,0,1.0,0,1,1,0,0,0,0,1,-3.3095622156888775,0.10086082137098448
317,Shaun White: Born To Fly,1.0,2024-01-01,4.5,series,acquired,Gold,other,0,0,1.0,0,1,1,0,0,0,0,1,-3.3095622156888775,0.10086082137098448
318,Selling the Hamptons S2,2.0,2024-01-01,5.6,series,acquired,Gold,other,0,0,1.0,0,1,1,0,0,0,0,1,-3.3095622156888775,0.10086082137098448
319,Taking Back The House,1.0,2023-06-01,5.6,series,acquired,Gold,other,0,0,1.0,0,1,1,0,0,0,0,1,-3.3095622156888775,0.10086082137098448
320,Gold Concurrent 2023,2.0,2023-01-01,7.072222222226206,series,acquired,Gold,other,0,0,1.0,0,1,1,0,0,0,0,1,-3.3095622156888775,0.10086082137098448
321,Gold Concurrent 2023,2.0,2023-02-01,7.072222222226206,series,acquired,Gold,other,0,0,1.0,0,1,1,0,0,0,0,1,-3.3095622156888775,0.10086082137098448
322,Gold Concurrent 2023,2.0,2023-04-01,7.072222222226206,series,acquired,Gold,other,0,0,1.0,0,1,1,0,0,0,0,1,-3.3095622156888775,0.10086082137098448
323,Gold Concurrent 2023,1.0,2023-08-01,7.072222222226206,series,acquired,Gold,other,0,0,1.0,0,1,1,0,0,0,0,1,-3.3095622156888775,0.10086082137098448
324,Gold Concurrent 2023,2.0,2023-09-01,7.072222222226206,series,acquired,Gold,other,0,0,1.0,0,1,1,0,0,0,0,1,-3.3095622156888775,0.10086082137098448
325,Gold Concurrent 2023,2.0,2023-10-01,7.072222222226206,series,acquired,Gold,other,0,0,1.0,0,1,1,0,0,0,0,1,-3.3095622156888775,0.10086082137098448
326,Gold Concurrent 2023,2.0,2023-12-01,7.072222222226206,series,acquired,Gold,other,0,0,1.0,0,1,1,0,0,0,0,1,-3.3095622156888775,0.10086082137098448
327,Gold Concurrent 2023,1.0,2023-08-01,7.072222222226206,series,acquired,Gold,other,0,0,1.0,0,1,1,0,0,0,0,1,-3.3095622156888775,0.10086082137098448
328,Gold Concurrent 2023,2.0,2023-09-01,7.072222222226206,series,acquired,Gold,other,0,0,1.0,0,1,1,0,0,0,0,1,-3.3095622156888775,0.10086082137098448
329,Gold Concurrent 2023,2.0,2023-10-01,7.072222222226206,series,acquired,Gold,other,0,0,1.0,0,1,1,0,0,0,0,1,-3.3095622156888775,0.10086082137098448
330,Gold Concurrent 2024,1.0,2024-01-01,7.072222222226206,series,acquired,Gold,other,0,0,1.0,0,1,1,0,0,0,0,1,-3.3095622156888775,0.10086082137098448
331,Gold Concurrent 2024,2.0,2024-02-01,7.072222222226206,series,acquired,Gold,other,0,0,1.0,0,1,1,0,0,0,0,1,-3.3095622156888775,0.10086082137098448
332,Gold Concurrent 2024,2.0,2024-04-01,7.072222222226206,series,acquired,Gold,other,0,0,1.0,0,1,1,0,0,0,0,1,-3.3095622156888775,0.10086082137098448
333,Gold Concurrent 2024,2.0,2024-08-01,7.072222222226206,series,acquired,Gold,other,0,0,1.0,0,1,1,0,0,0,0,1,-3.3095622156888775,0.10086082137098448
334,Gold Concurrent 2024,1.0,2024-09-01,7.072222222226206,series,acquired,Gold,other,0,0,1.0,0,1,1,0,0,0,0,1,-3.3095622156888775,0.10086082137098448
335,Gold Concurrent 2024,2.0,2024-10-01,7.072222222226206,series,acquired,Gold,other,0,0,1.0,0,1,1,0,0,0,0,1,-3.3095622156888775,0.10086082137098448
336,Gold Concurrent 2024,2.0,2024-12-01,7.072222222226206,series,acquired,Gold,other,0,0,1.0,0,1,1,0,0,0,0,1,-3.3095622156888775,0.10086082137098448
337,Gold Concurrent 2024,1.0,2024-11-01,7.072222222226206,series,acquired,Gold,other,0,0,1.0,0,1,1,0,0,0,0,1,-3.3095622156888775,0.10086082137098448
338,Gold Concurrent 2024,2.0,2024-02-01,7.072222222226206,series,acquired,Gold,other,0,0,1.0,0,1,1,0,0,0,0,1,-3.3095622156888775,0.10086082137098448
339,Gold Concurrent 2024,2.0,2024-06-01,7.072222222226206,series,acquired,Gold,other,0,0,1.0,0,1,1,0,0,0,0,1,-3.3095622156888775,0.10086082137098448
340,Gold Concurrent 2025,2.0,2025-01-01,7.072222222226206,series,acquired,Gold,other,0,0,1.0,0,1,1,0,0,0,0,1,-3.3095622156888775,0.10086082137098448
341,Gold Concurrent 2025,1.0,2025-02-01,7.072222222226206,series,acquired,Gold,other,0,0,1.0,0,1,1,0,0,0,0,1,-3.3095622156888775,0.10086082137098448
342,Gold Concurrent 2025,2.0,2025-04-01,7.072222222226206,series,acquired,Gold,other,0,0,1.0,0,1,1,0,0,0,0,1,-3.3095622156888775,0.10086082137098448
343,Gold Concurrent 2025,2.0,2025-08-01,7.072222222226206,series,acquired,Gold,other,0,0,1.0,0,1,1,0,0,0,0,1,-3.3095622156888775,0.10086082137098448
344,Gold Concurrent 2025,2.0,2025-09-01,7.072222222226206,series,acquired,Gold,other,0,0,1.0,0,1,1,0,0,0,0,1,-3.3095622156888775,0.10086082137098448
345,Gold Concurrent 2025,1.0,2025-10-01,7.072222222226206,series,acquired,Gold,other,0,0,1.0,0,1,1,0,0,0,0,1,-3.3095622156888775,0.10086082137098448
346,Gold Concurrent 2025,2.0,2025-12-01,7.072222222226206,series,acquired,Gold,other,0,0,1.0,0,1,1,0,0,0,0,1,-3.3095622156888775,0.10086082137098448
347,Gold Concurrent 2025,2.0,2025-05-01,7.072222222226206,series,acquired,Gold,other,0,0,1.0,0,1,1,0,0,0,0,1,-3.3095622156888775,0.10086082137098448
348,Gold Concurrent 2025,1.0,2025-02-01,7.072222222226206,series,acquired,Gold,other,0,0,1.0,0,1,1,0,0,0,0,1,-3.3095622156888775,0.10086082137098448
349,Gold Concurrent 2025,2.0,2025-01-01,7.072222222226206,series,acquired,Gold,other,0,0,1.0,0,1,1,0,0,0,0,1,-3.3095622156888775,0.10086082137098448
350,Gold Concurrent 2026,2.0,2026-01-01,7.072222222226206,series,acquired,Gold,other,0,0,1.0,0,1,1,0,0,0,0,1,-3.3095622156888775,0.10086082137098448
351,Gold Concurrent 2026,2.0,2026-02-01,7.072222222226206,series,acquired,Gold,other,0,0,1.0,0,1,1,0,0,0,0,1,-3.3095622156888775,0.10086082137098448
352,Gold Concurrent 2026,1.0,2026-04-01,7.072222222226206,series,acquired,Gold,other,0,0,1.0,0,1,1,0,0,0,0,1,-3.3095622156888775,0.10086082137098448
353,Gold Concurrent 2026,2.0,2026-08-01,7.072222222226206,series,acquired,Gold,other,0,0,1.0,0,1,1,0,0,0,0,1,-3.3095622156888775,0.10086082137098448
354,Gold Concurrent 2026,2.0,2026-09-01,7.072222222226206,series,acquired,Gold,other,0,0,1.0,0,1,1,0,0,0,0,1,-3.3095622156888775,0.10086082137098448
355,Gold Concurrent 2026,2.0,2026-10-01,7.072222222226206,series,acquired,Gold,other,0,0,1.0,0,1,1,0,0,0,0,1,-3.3095622156888775,0.10086082137098448
356,Gold Concurrent 2026,1.0,2026-12-01,7.072222222226206,series,acquired,Gold,other,0,0,1.0,0,1,1,0,0,0,0,1,-3.3095622156888775,0.10086082137098448
357,Gold Concurrent 2026,2.0,2026-04-01,7.072222222226206,series,acquired,Gold,other,0,0,1.0,0,1,1,0,0,0,0,1,-3.3095622156888775,0.10086082137098448
358,Gold Concurrent 2026,2.0,2026-03-01,7.072222222226206,series,acquired,Gold,other,0,0,1.0,0,1,1,0,0,0,0,1,-3.3095622156888775,0.10086082137098448
359,Gold Concurrent 2026,1.0,2026-07-01,7.072222222226206,series,acquired,Gold,other,0,0,1.0,0,1,1,0,0,0,0,1,-3.3095622156888775,0.10086082137098448
360,Gold Concurrent 2027,2.0,2027-01-01,7.072222222226206,series,acquired,Gold,other,0,0,1.0,0,1,1,0,0,0,0,1,-3.3095622156888775,0.10086082137098448
361,Gold Concurrent 2027,2.0,2027-02-01,7.072222222226206,series,acquired,Gold,other,0,0,1.0,0,1,1,0,0,0,0,1,-3.3095622156888775,0.10086082137098448
362,Gold Concurrent 2027,2.0,2027-04-01,7.072222222226206,series,acquired,Gold,other,0,0,1.0,0,1,1,0,0,0,0,1,-3.3095622156888775,0.10086082137098448
363,Gold Concurrent 2027,1.0,2027-08-01,7.072222222226206,series,acquired,Gold,other,0,0,1.0,0,1,1,0,0,0,0,1,-3.3095622156888775,0.10086082137098448
364,Gold Concurrent 2027,2.0,2027-09-01,7.072222222226206,series,acquired,Gold,other,0,0,1.0,0,1,1,0,0,0,0,1,-3.3095622156888775,0.10086082137098448
365,Gold Concurrent 2027,2.0,2027-10-01,7.072222222226206,series,acquired,Gold,other,0,0,1.0,0,1,1,0,0,0,0,1,-3.3095622156888775,0.10086082137098448
366,Gold Concurrent 2027,2.0,2027-12-01,7.072222222226206,series,acquired,Gold,other,0,0,1.0,0,1,1,0,0,0,0,1,-3.3095622156888775,0.10086082137098448
367,Gold Concurrent 2027,2.0,2027-04-01,7.072222222226206,series,acquired,Gold,other,0,0,1.0,0,1,1,0,0,0,0,1,-3.3095622156888775,0.10086082137098448
368,Gold Concurrent 2027,2.0,2027-03-01,7.072222222226206,series,acquired,Gold,other,0,0,1.0,0,1,1,0,0,0,0,1,-3.3095622156888775,0.10086082137098448
369,Gold Concurrent 2027,2.0,2027-07-01,7.072222222226206,series,acquired,Gold,other,0,0,1.0,0,1,1,0,0,0,0,1,-3.3095622156888775,0.10086082137098448
370,Gold Concurrent 2028,1.0,2028-01-01,7.072222222226206,series,acquired,Gold,other,0,0,1.0,0,1,1,0,0,0,0,1,-3.3095622156888775,0.10086082137098448
371,Gold Concurrent 2028,2.0,2028-02-01,7.072222222226206,series,acquired,Gold,other,0,0,1.0,0,1,1,0,0,0,0,1,-3.3095622156888775,0.10086082137098448
372,Gold Concurrent 2028,2.0,2028-04-01,7.072222222226206,series,acquired,Gold,other,0,0,1.0,0,1,1,0,0,0,0,1,-3.3095622156888775,0.10086082137098448
373,Gold Concurrent 2028,2.0,2028-08-01,7.072222222226206,series,acquired,Gold,other,0,0,1.0,0,1,1,0,0,0,0,1,-3.3095622156888775,0.10086082137098448
374,Gold Concurrent 2028,1.0,2028-09-01,7.072222222226206,series,acquired,Gold,other,0,0,1.0,0,1,1,0,0,0,0,1,-3.3095622156888775,0.10086082137098448
375,Gold Concurrent 2028,2.0,2028-10-01,7.072222222226206,series,acquired,Gold,other,0,0,1.0,0,1,1,0,0,0,0,1,-3.3095622156888775,0.10086082137098448
376,Gold Concurrent 2028,2.0,2028-12-01,7.072222222226206,series,acquired,Gold,other,0,0,1.0,0,1,1,0,0,0,0,1,-3.3095622156888775,0.10086082137098448
377,Gold Concurrent 2028,1.0,2028-07-01,7.072222222226206,series,acquired,Gold,other,0,0,1.0,0,1,1,0,0,0,0,1,-3.3095622156888775,0.10086082137098448
378,Gold Concurrent 2028,2.0,2028-04-01,7.072222222226206,series,acquired,Gold,other,0,0,1.0,0,1,1,0,0,0,0,1,-3.3095622156888775,0.10086082137098448
379,Gold Concurrent 2028,2.0,2028-03-01,7.072222222226206,series,acquired,Gold,other,0,0,1.0,0,1,1,0,0,0,0,1,-3.3095622156888775,0.10086082137098448
380,Placeholder  ,1.0,2024-08-01,5.6,series,acquired,Gold,other,0,0,1.0,0,1,1,0,0,0,0,1,-3.3095622156888775,0.10086082137098448
381,Placeholder  ,1.0,2024-09-01,5.6,series,acquired,Gold,other,0,0,1.0,0,1,1,0,0,0,0,1,-3.3095622156888775,0.10086082137098448
382,Placeholder  ,1.0,2024-10-01,5.6,series,acquired,Gold,other,0,0,1.0,0,1,1,0,0,0,0,1,-3.3095622156888775,0.10086082137098448
383,Placeholder  ,1.0,2024-11-01,5.6,series,acquired,Gold,other,0,0,1.0,0,1,1,0,0,0,0,1,-3.3095622156888775,0.10086082137098448
384,Placeholder  ,1.0,2024-12-01,5.6,series,acquired,Gold,other,0,0,1.0,0,1,1,0,0,0,0,1,-3.3095622156888775,0.10086082137098448
385,Placeholder  ,1.0,2024-08-01,5.6,series,acquired,Gold,other,0,0,1.0,0,1,1,0,0,0,0,1,-3.3095622156888775,0.10086082137098448
386,Placeholder  ,1.0,2024-09-01,5.6,series,acquired,Gold,other,0,0,1.0,0,1,1,0,0,0,0,1,-3.3095622156888775,0.10086082137098448
387,Placeholder  ,1.0,2024-10-01,5.6,series,acquired,Gold,other,0,0,1.0,0,1,1,0,0,0,0,1,-3.3095622156888775,0.10086082137098448
388,Placeholder  ,1.0,2024-11-01,5.6,series,acquired,Gold,other,0,0,1.0,0,1,1,0,0,0,0,1,-3.3095622156888775,0.10086082137098448
389,Placeholder  ,1.0,2025-06-01,5.6,series,acquired,Gold,other,0,0,1.0,0,1,1,0,0,0,0,1,-3.3095622156888775,0.10086082137098448
390,Placeholder  ,1.0,2025-07-01,5.6,series,acquired,Gold,other,0,0,1.0,0,1,1,0,0,0,0,1,-3.3095622156888775,0.10086082137098448
391,Placeholder  ,1.0,2025-05-01,5.6,series,acquired,Gold,other,0,0,1.0,0,1,1,0,0,0,0,1,-3.3095622156888775,0.10086082137098448
392,Placeholder  ,1.0,2025-08-01,5.6,series,acquired,Gold,other,0,0,1.0,0,1,1,0,0,0,0,1,-3.3095622156888775,0.10086082137098448
393,Placeholder  ,1.0,2025-04-01,5.6,series,acquired,Gold,other,0,0,1.0,0,1,1,0,0,0,0,1,-3.3095622156888775,0.10086082137098448
394,Placeholder  ,1.0,2025-09-01,5.6,series,acquired,Gold,other,0,0,1.0,0,1,1,0,0,0,0,1,-3.3095622156888775,0.10086082137098448
395,Placeholder  ,1.0,2025-03-01,5.6,series,acquired,Gold,other,0,0,1.0,0,1,1,0,0,0,0,1,-3.3095622156888775,0.10086082137098448
396,Placeholder  ,1.0,2025-10-01,5.6,series,acquired,Gold,other,0,0,1.0,0,1,1,0,0,0,0,1,-3.3095622156888775,0.10086082137098448
397,Placeholder  ,1.0,2025-02-01,5.6,series,acquired,Gold,other,0,0,1.0,0,1,1,0,0,0,0,1,-3.3095622156888775,0.10086082137098448
398,Placeholder  ,1.0,2025-11-01,5.6,series,acquired,Gold,other,0,0,1.0,0,1,1,0,0,0,0,1,-3.3095622156888775,0.10086082137098448
399,Placeholder  ,1.0,2025-01-01,5.6,series,acquired,Gold,other,0,0,1.0,0,1,1,0,0,0,0,1,-3.3095622156888775,0.10086082137098448
400,Placeholder  ,1.0,2025-12-01,5.6,series,acquired,Gold,other,0,0,1.0,0,1,1,0,0,0,0,1,-3.3095622156888775,0.10086082137098448
401,Placeholder  ,1.0,2025-06-01,5.6,series,acquired,Gold,other,0,0,1.0,0,1,1,0,0,0,0,1,-3.3095622156888775,0.10086082137098448
402,Placeholder  ,1.0,2025-07-01,5.6,series,acquired,Gold,other,0,0,1.0,0,1,1,0,0,0,0,1,-3.3095622156888775,0.10086082137098448
403,Placeholder  ,1.0,2025-05-01,5.6,series,acquired,Gold,other,0,0,1.0,0,1,1,0,0,0,0,1,-3.3095622156888775,0.10086082137098448
404,Placeholder  ,1.0,2025-08-01,5.6,series,acquired,Gold,other,0,0,1.0,0,1,1,0,0,0,0,1,-3.3095622156888775,0.10086082137098448
405,Placeholder  ,1.0,2025-04-01,5.6,series,acquired,Gold,other,0,0,1.0,0,1,1,0,0,0,0,1,-3.3095622156888775,0.10086082137098448
406,Placeholder  ,1.0,2026-06-01,5.6,series,acquired,Gold,other,0,0,1.0,0,1,1,0,0,0,0,1,-3.3095622156888775,0.10086082137098448
407,Placeholder  ,1.0,2026-07-01,5.6,series,acquired,Gold,other,0,0,1.0,0,1,1,0,0,0,0,1,-3.3095622156888775,0.10086082137098448
408,Placeholder  ,1.0,2026-05-01,5.6,series,acquired,Gold,other,0,0,1.0,0,1,1,0,0,0,0,1,-3.3095622156888775,0.10086082137098448
409,Placeholder  ,1.0,2026-08-01,5.6,series,acquired,Gold,other,0,0,1.0,0,1,1,0,0,0,0,1,-3.3095622156888775,0.10086082137098448
410,Placeholder  ,1.0,2026-04-01,5.6,series,acquired,Gold,other,0,0,1.0,0,1,1,0,0,0,0,1,-3.3095622156888775,0.10086082137098448
411,Placeholder  ,1.0,2026-09-01,5.6,series,acquired,Gold,other,0,0,1.0,0,1,1,0,0,0,0,1,-3.3095622156888775,0.10086082137098448
412,Placeholder  ,1.0,2026-03-01,5.6,series,acquired,Gold,other,0,0,1.0,0,1,1,0,0,0,0,1,-3.3095622156888775,0.10086082137098448
413,Placeholder  ,1.0,2026-10-01,5.6,series,acquired,Gold,other,0,0,1.0,0,1,1,0,0,0,0,1,-3.3095622156888775,0.10086082137098448
414,Placeholder  ,1.0,2026-02-01,5.6,series,acquired,Gold,other,0,0,1.0,0,1,1,0,0,0,0,1,-3.3095622156888775,0.10086082137098448
415,Placeholder  ,1.0,2026-11-01,5.6,series,acquired,Gold,other,0,0,1.0,0,1,1,0,0,0,0,1,-3.3095622156888775,0.10086082137098448
416,Placeholder  ,1.0,2026-01-01,5.6,series,acquired,Gold,other,0,0,1.0,0,1,1,0,0,0,0,1,-3.3095622156888775,0.10086082137098448
417,Placeholder  ,1.0,2026-12-01,5.6,series,acquired,Gold,other,0,0,1.0,0,1,1,0,0,0,0,1,-3.3095622156888775,0.10086082137098448
418,Placeholder  ,1.0,2026-06-01,5.6,series,acquired,Gold,other,0,0,1.0,0,1,1,0,0,0,0,1,-3.3095622156888775,0.10086082137098448
419,Placeholder  ,1.0,2026-07-01,5.6,series,acquired,Gold,other,0,0,1.0,0,1,1,0,0,0,0,1,-3.3095622156888775,0.10086082137098448
420,Placeholder  ,1.0,2026-05-01,5.6,series,acquired,Gold,other,0,0,1.0,0,1,1,0,0,0,0,1,-3.3095622156888775,0.10086082137098448
421,Placeholder  ,1.0,2026-08-01,5.6,series,acquired,Gold,other,0,0,1.0,0,1,1,0,0,0,0,1,-3.3095622156888775,0.10086082137098448
422,Placeholder  ,1.0,2026-04-01,5.6,series,acquired,Gold,other,0,0,1.0,0,1,1,0,0,0,0,1,-3.3095622156888775,0.10086082137098448
423,Placeholder  ,1.0,2027-06-01,5.6,series,acquired,Gold,other,0,0,1.0,0,1,1,0,0,0,0,1,-3.3095622156888775,0.10086082137098448
424,Placeholder  ,1.0,2027-07-01,5.6,series,acquired,Gold,other,0,0,1.0,0,1,1,0,0,0,0,1,-3.3095622156888775,0.10086082137098448
425,Placeholder  ,1.0,2027-05-01,5.6,series,acquired,Gold,other,0,0,1.0,0,1,1,0,0,0,0,1,-3.3095622156888775,0.10086082137098448
426,Placeholder  ,1.0,2027-08-01,5.6,series,acquired,Gold,other,0,0,1.0,0,1,1,0,0,0,0,1,-3.3095622156888775,0.10086082137098448
427,Placeholder  ,1.0,2027-04-01,5.6,series,acquired,Gold,other,0,0,1.0,0,1,1,0,0,0,0,1,-3.3095622156888775,0.10086082137098448
428,Placeholder  ,1.0,2027-09-01,5.6,series,acquired,Gold,other,0,0,1.0,0,1,1,0,0,0,0,1,-3.3095622156888775,0.10086082137098448
429,Placeholder  ,1.0,2027-03-01,5.6,series,acquired,Gold,other,0,0,1.0,0,1,1,0,0,0,0,1,-3.3095622156888775,0.10086082137098448
430,Placeholder  ,1.0,2027-10-01,5.6,series,acquired,Gold,other,0,0,1.0,0,1,1,0,0,0,0,1,-3.3095622156888775,0.10086082137098448
431,Placeholder  ,1.0,2027-02-01,5.6,series,acquired,Gold,other,0,0,1.0,0,1,1,0,0,0,0,1,-3.3095622156888775,0.10086082137098448
432,Placeholder  ,1.0,2027-11-01,5.6,series,acquired,Gold,other,0,0,1.0,0,1,1,0,0,0,0,1,-3.3095622156888775,0.10086082137098448
433,Placeholder  ,1.0,2027-01-01,5.6,series,acquired,Gold,other,0,0,1.0,0,1,1,0,0,0,0,1,-3.3095622156888775,0.10086082137098448
434,Placeholder  ,1.0,2027-12-01,5.6,series,acquired,Gold,other,0,0,1.0,0,1,1,0,0,0,0,1,-3.3095622156888775,0.10086082137098448
435,Placeholder  ,1.0,2027-06-01,5.6,series,acquired,Gold,other,0,0,1.0,0,1,1,0,0,0,0,1,-3.3095622156888775,0.10086082137098448
436,Placeholder  ,1.0,2027-07-01,5.6,series,acquired,Gold,other,0,0,1.0,0,1,1,0,0,0,0,1,-3.3095622156888775,0.10086082137098448
437,Placeholder  ,1.0,2027-05-01,5.6,series,acquired,Gold,other,0,0,1.0,0,1,1,0,0,0,0,1,-3.3095622156888775,0.10086082137098448
438,Placeholder  ,1.0,2027-08-01,5.6,series,acquired,Gold,other,0,0,1.0,0,1,1,0,0,0,0,1,-3.3095622156888775,0.10086082137098448
439,Placeholder  ,1.0,2027-04-01,5.6,series,acquired,Gold,other,0,0,1.0,0,1,1,0,0,0,0,1,-3.3095622156888775,0.10086082137098448
440,THE LAST OF US S1,1.0,2023-01-01,9.5,series,original,Platinum,drama,0,1,0.0,0,1,0,1,0,0,1,1,-2.530290847186021,0.1731037822895373
441,WHITE HOUSE PLUMBERS,1.0,2023-05-01,5.0,series,original,Platinum,drama,0,0,0.0,0,1,0,1,0,0,1,1,-2.627295349986611,0.1618472379349105
442,PERRY MASON S2,2.0,2023-03-01,8.0,series,original,Platinum,drama,0,0,0.0,0,1,0,1,0,0,1,1,-2.627295349986611,0.1618472379349105
443,SUCCESSION S4,4.0,2023-03-01,10.0,series,original,Platinum,drama,0,0,0.0,0,1,0,1,0,0,1,1,-2.627295349986611,0.1618472379349105
444,THE GILDED AGE S2,2.0,2023-09-01,8.0,series,original,Platinum,drama,0,0,0.0,0,1,0,1,0,0,1,1,-2.627295349986611,0.1618472379349105
445,WINNING TIME S2,2.0,2023-08-01,7.0,series,original,Platinum,drama,0,0,0.0,0,1,0,1,0,0,1,1,-2.627295349986611,0.1618472379349105
446,TRUE DETECTIVE S4,4.0,2023-11-01,6.0,series,original,Platinum,drama,0,0,0.0,0,1,0,1,0,0,1,1,-2.627295349986611,0.1618472379349105
447,EUPHORIA S3,3.0,2025-01-01,8.0,series,original,Platinum,drama,0,1,0.0,0,1,0,1,0,0,1,1,-2.530290847186021,0.1731037822895373
448,THE SYMPATHIZER,1.0,2024-01-01,7.0,series,original,Platinum,drama,0,0,0.0,0,1,0,1,0,0,1,1,-2.627295349986611,0.1618472379349105
449,HOUSE OF THE DRAGON S2,2.0,2024-06-01,8.0,series,original,Platinum,drama,0,1,0.0,0,1,0,1,0,0,1,1,-2.530290847186021,0.1731037822895373
450,THE LAST OF US S2,2.0,2025-03-01,7.0,series,original,Platinum,drama,0,1,0.0,0,1,0,1,0,0,1,1,-2.530290847186021,0.1731037822895373
451,DUNK & EGG S2 / TBD,2.0,2026-11-01,6.0,series,original,Platinum,drama,0,0,0.0,0,1,0,1,0,0,1,1,-2.627295349986611,0.1618472379349105
452,EUPHORIA S4 / TBD,4.0,2026-10-01,8.0,series,original,Platinum,drama,0,1,0.0,0,1,0,1,0,0,1,1,-2.530290847186021,0.1731037822895373
453,2025 TBD HOUR S1,1.0,2025-06-01,10.0,series,original,Platinum,drama,0,0,0.0,0,1,0,1,0,0,1,1,-2.627295349986611,0.1618472379349105
454,HOUSE OF THE DRAGON S3,3.0,2026-05-01,10.0,series,original,Platinum,drama,0,1,0.0,0,1,0,1,0,0,1,1,-2.530290847186021,0.1731037822895373
455,2026 TBD LIMITED SERIES A,1.0,2026-01-01,8.0,series,original,Platinum,drama,0,0,0.0,0,1,0,1,0,0,1,1,-2.627295349986611,0.1618472379349105
456,2026 TBD HOUR A S1,1.0,2026-03-01,8.0,series,original,Platinum,drama,0,0,0.0,0,1,0,1,0,0,1,1,-2.627295349986611,0.1618472379349105
457,LOVE & DEATH (LS),1.0,2023-04-01,7.0,series,original,Platinum,drama,0,0,0.0,0,1,0,1,0,0,1,1,-2.627295349986611,0.1618472379349105
458,THE PENGUIN (LS),1.0,2024-03-01,8.0,series,original,Platinum,drama,0,0,0.0,0,1,0,1,0,0,1,1,-2.627295349986611,0.1618472379349105
459,LANTERNS S1,1.0,2025-07-01,8.0,series,original,Platinum,drama,0,0,0.0,0,1,0,1,0,0,1,1,-2.627295349986611,0.1618472379349105
460,WALLER (LS),1.0,2025-03-01,8.0,series,original,Platinum,drama,0,0,0.0,0,1,0,1,0,0,1,1,-2.627295349986611,0.1618472379349105
461,SISTERHOOD OF DUNE S1,1.0,2025-06-01,8.0,series,original,Platinum,drama,0,0,0.0,0,1,0,1,0,0,1,1,-2.627295349986611,0.1618472379349105
462,HARRY POTTER SERIES S1 / TBD,1.0,2025-11-01,8.0,series,original,Platinum,drama,0,0,0.0,0,1,0,1,0,0,1,1,-2.627295349986611,0.1618472379349105
463,RAIN DOGS S1,1.0,2023-03-01,4.0,series,original,Silver,action,0,0,2.0,0,1,0,1,1,0,0,1,-4.4119131861352425,0.04697662291271077
464,FANTASMAS S1,1.0,2024-02-01,3.0,series,original,Silver,action,0,0,2.0,0,1,0,1,1,0,0,1,-4.4119131861352425,0.04697662291271077
465,SOMEBODY SOMEWHERE S2,2.0,2023-04-01,3.5,series,original,Gold,action,0,0,1.0,0,1,0,1,1,0,0,1,-3.47349364935359,0.09002729924129284
466,A BLACK LADY SKETCH SHOW S4,4.0,2023-04-01,3.0,series,original,Gold,action,0,0,1.0,0,1,0,1,1,0,0,1,-3.47349364935359,0.09002729924129284
467,THE REHEARSAL S2,2.0,2024-04-01,3.0,series,original,Gold,action,0,0,1.0,0,1,0,1,1,0,0,1,-3.47349364935359,0.09002729924129284
468,A BLACK LADY SKETCH SHOW S5 / TBD,5.0,2024-03-01,3.0,series,original,Gold,action,0,0,1.0,0,1,0,1,1,0,0,1,-3.47349364935359,0.09002729924129284
469,THE REHEARSAL S3 / TBD,3.0,2025-10-01,3.0,series,original,Gold,action,0,0,1.0,0,1,0,1,1,0,0,1,-3.47349364935359,0.09002729924129284
470,THE REHEARSAL S4 / TBD,4.0,2026-10-01,3.0,series,original,Gold,action,0,0,1.0,0,1,0,1,1,0,0,1,-3.47349364935359,0.09002729924129284
471,SOMEBODY SOMEWHERE S3 / TBD,3.0,2024-04-01,3.5,series,original,Gold,action,0,0,1.0,0,1,0,1,1,0,0,1,-3.47349364935359,0.09002729924129284
472,BARRY S4,4.0,2023-04-01,4.0,series,original,Platinum,action,0,0,0.0,0,1,0,1,1,0,0,1,-2.2584216921675977,0.20900050130297163
473,THE RIGHTEOUS GEMSTONES S3,3.0,2023-06-01,4.5,series,original,Platinum,action,0,0,0.0,0,1,0,1,1,0,0,1,-2.2584216921675977,0.20900050130297163
474,CURB YOUR ENTHUSIASM S12,12.0,2024-01-01,5.5,series,original,Platinum,action,0,0,0.0,0,1,0,1,1,0,0,1,-2.2584216921675977,0.20900050130297163
475,THE RIGHTEOUS GEMSTONES S4 / TBD,4.0,2024-10-01,4.5,series,original,Platinum,action,0,0,0.0,0,1,0,1,1,0,0,1,-2.2584216921675977,0.20900050130297163
476,THE RIGHTEOUS GEMSTONES S5 / TBD,5.0,2025-10-01,4.5,series,original,Platinum,action,0,0,0.0,0,1,0,1,1,0,0,1,-2.2584216921675977,0.20900050130297163
477,2025 TBD HALF HOUR A S1,1.0,2025-04-01,4.0,series,original,Platinum,action,0,0,0.0,0,1,0,1,1,0,0,1,-2.2584216921675977,0.20900050130297163
478,2025 TBD HALF HOUR B S1,1.0,2025-03-01,3.0,series,original,Platinum,action,0,0,0.0,0,1,0,1,1,0,0,1,-2.2584216921675977,0.20900050130297163
479,THE FRANCHISE S1,1.0,2024-04-01,4.0,series,original,Platinum,action,0,0,0.0,0,1,0,1,1,0,0,1,-2.2584216921675977,0.20900050130297163
480,THE FRANCHISE S2 / TBD,2.0,2025-04-01,4.0,series,original,Platinum,action,0,0,0.0,0,1,0,1,1,0,0,1,-2.2584216921675977,0.20900050130297163
481,JERROD S3 / TBD,3.0,2026-09-01,4.0,series,original,Platinum,action,0,0,0.0,0,1,0,1,1,0,0,1,-2.2584216921675977,0.20900050130297163
482,JERROD S2 / TBD,2.0,2025-09-01,4.0,series,original,Platinum,action,0,0,0.0,0,1,0,1,1,0,0,1,-2.2584216921675977,0.20900050130297163
483,THE RIGHTEOUS GEMSTONES S6 / TBD,6.0,2026-10-01,4.5,series,original,Platinum,action,0,0,0.0,0,1,0,1,1,0,0,1,-2.2584216921675977,0.20900050130297163
484,THE FRANCHISE S3 / TBD,3.0,2026-04-01,4.0,series,original,Platinum,action,0,0,0.0,0,1,0,1,1,0,0,1,-2.2584216921675977,0.20900050130297163
485,2025 TBD HALF HOUR A S2,2.0,2026-04-01,4.0,series,original,Platinum,action,0,0,0.0,0,1,0,1,1,0,0,1,-2.2584216921675977,0.20900050130297163
486,2025 TBD HALF HOUR B S2,2.0,2026-03-01,3.0,series,original,Platinum,action,0,0,0.0,0,1,0,1,1,0,0,1,-2.2584216921675977,0.20900050130297163
487,THE OTHER TWO S3,3.0,2023-05-01,5.0,series,original,Platinum,action,0,0,0.0,0,1,0,1,1,0,0,1,-2.2584216921675977,0.20900050130297163
488,HACKS S3,3.0,2023-11-01,4.5,series,original,Platinum,action,0,0,0.0,0,1,0,1,1,0,0,1,-2.2584216921675977,0.20900050130297163
489,AND JUST LIKE THAT S2,2.0,2023-06-01,5.5,series,original,Platinum,action,0,0,0.0,0,1,0,1,1,0,0,1,-2.2584216921675977,0.20900050130297163
490,OUR FLAG MEANS DEATH S2,2.0,2023-10-01,4.0,series,original,Platinum,action,0,0,0.0,0,1,0,1,1,0,0,1,-2.2584216921675977,0.20900050130297163
491,RAP SHIT S2,2.0,2023-08-01,4.0,series,original,Platinum,action,0,0,0.0,0,1,0,1,1,0,0,1,-2.2584216921675977,0.20900050130297163
492,SEX LIVES OF COLLEGE GIRLS S3,3.0,2024-05-01,5.0,series,original,Platinum,action,0,0,0.0,0,1,0,1,1,0,0,1,-2.2584216921675977,0.20900050130297163
493,HACKS S4 / TBD,4.0,2024-11-01,4.0,series,original,Platinum,action,0,0,0.0,0,1,0,1,1,0,0,1,-2.2584216921675977,0.20900050130297163
494,OUR FLAG MEANS DEATH S3 / TBD MULTICAM,3.0,2024-09-01,4.0,series,original,Platinum,action,0,0,0.0,0,1,0,1,1,0,0,1,-2.2584216921675977,0.20900050130297163
495,RAP SH!T S3 / TBD MULTICAM,3.0,2024-08-01,4.0,series,original,Platinum,action,0,0,0.0,0,1,0,1,1,0,0,1,-2.2584216921675977,0.20900050130297163
496,AND JUST LIKE THAT S3 / TBD,3.0,2024-12-01,5.0,series,original,Platinum,action,0,0,0.0,0,1,0,1,1,0,0,1,-2.2584216921675977,0.20900050130297163
497,SEX LIVES OF COLLEGE GIRLS S4 / TBD,4.0,2025-05-01,5.0,series,original,Platinum,action,0,0,0.0,0,1,0,1,1,0,0,1,-2.2584216921675977,0.20900050130297163
498,SEX LIVES OF COLLEGE GIRLS S5 / TBD,5.0,2026-05-01,5.0,series,original,Platinum,action,0,0,0.0,0,1,0,1,1,0,0,1,-2.2584216921675977,0.20900050130297163
499,HOW TO BE A BOOKIE S1,1.0,2024-03-01,4.0,series,original,Platinum,action,0,0,0.0,0,1,0,1,1,0,0,1,-2.2584216921675977,0.20900050130297163
500,TBD MULTICAM S2,2.0,2025-08-01,5.0,series,original,Platinum,action,0,0,0.0,0,1,0,1,1,0,0,1,-2.2584216921675977,0.20900050130297163
501,TBD MULTICAM S3,3.0,2026-08-01,5.0,series,original,Platinum,action,0,0,0.0,0,1,0,1,1,0,0,1,-2.2584216921675977,0.20900050130297163
502,HOW TO BE A BOOKIE S2 / TBD,2.0,2025-03-01,4.0,series,original,Platinum,action,0,0,0.0,0,1,0,1,1,0,0,1,-2.2584216921675977,0.20900050130297163
503,HOW TO BE A BOOKIE S3 / TBD,3.0,2026-03-01,4.0,series,original,Platinum,action,0,0,0.0,0,1,0,1,1,0,0,1,-2.2584216921675977,0.20900050130297163
504,SARAH SILVERMAN SPECIAL,,2023-05-01,1.0,movies,original,Platinum,other,0,0,0.0,1,0,0,1,0,0,0,1,-2.7828407453466704,0.1453053023584124
505,JERROD CARMICHAEL SPECIAL,,2023-05-01,1.0,movies,original,Platinum,other,0,0,0.0,1,0,0,1,0,0,0,1,-2.7828407453466704,0.1453053023584124
506,PEE-WEE: I KNOW YOU ARE BUT WHAT AM I?,,2026-02-01,3.0,movies,original,Platinum,other,0,0,0.0,1,0,0,1,0,0,0,1,-2.7828407453466704,0.1453053023584124
507,House Party,,2023-01-01,1.6666666666666667,movies,acquired,Platinum,other,1,0,0.0,1,0,1,0,0,0,0,1,-2.0195638910332523,0.24663271889360705
508,Magic Mike 3,,2023-04-01,1.6666666666666667,movies,acquired,Platinum,other,1,0,0.0,1,0,1,0,0,0,0,1,-2.0195638910332523,0.24663271889360705
509,Shazam! Fury of the Gods (DC),,2023-06-01,1.6666666666666667,movies,acquired,Platinum,other,1,0,0.0,1,0,1,0,0,0,0,1,-2.0195638910332523,0.24663271889360705
510,Evil Dead Rise,,2023-06-01,1.6666666666666667,movies,acquired,Platinum,other,1,0,0.0,1,0,1,0,0,0,0,1,-2.0195638910332523,0.24663271889360705
511,The Flash (DC),,2023-09-01,1.6666666666666667,movies,acquired,Platinum,other,1,0,0.0,1,0,1,0,0,0,0,1,-2.0195638910332523,0.24663271889360705
512,Barbie,,2023-10-01,1.6666666666666667,movies,acquired,Platinum,other,1,0,0.0,1,0,1,0,0,0,0,1,-2.0195638910332523,0.24663271889360705
513,The Meg 2,,2023-10-01,1.6666666666666667,movies,acquired,Platinum,other,1,0,0.0,1,0,1,0,0,0,0,1,-2.0195638910332523,0.24663271889360705
514,Blue Beetle (DC),,2023-11-01,1.6666666666666667,movies,acquired,Platinum,other,1,0,0.0,1,0,1,0,0,0,0,1,-2.0195638910332523,0.24663271889360705
515,The Nun 2,,2023-11-01,1.6666666666666667,movies,acquired,Platinum,other,1,0,0.0,1,0,1,0,0,0,0,1,-2.0195638910332523,0.24663271889360705
516,Avatar 2: The Way of Water,,2023-04-01,1.6666666666666667,movies,acquired,Platinum,other,1,0,0.0,1,0,1,0,0,0,0,1,-2.0195638910332523,0.24663271889360705
517,Dune 2,,2024-02-01,1.6666666666666667,movies,acquired,Platinum,other,1,0,0.0,1,0,1,0,0,0,0,1,-2.0195638910332523,0.24663271889360705
518,Medium 2,,2024-02-01,1.6666666666666667,movies,acquired,Platinum,other,1,0,0.0,1,0,1,0,0,0,0,1,-2.0195638910332523,0.24663271889360705
519,Wonka,,2024-03-01,1.6666666666666667,movies,acquired,Platinum,other,1,0,0.0,1,0,1,0,0,0,0,1,-2.0195638910332523,0.24663271889360705
520,Aquaman & The Lost Kingdom (DC),,2024-03-01,1.6666666666666667,movies,acquired,Platinum,other,1,0,0.0,1,0,1,0,0,0,0,1,-2.0195638910332523,0.24663271889360705
521,Tentpole 1 (DC),,2024-03-01,1.6666666666666667,movies,acquired,Platinum,other,1,0,0.0,1,0,1,0,0,0,0,1,-2.0195638910332523,0.24663271889360705
522,Wise Guy,,2024-04-01,1.6666666666666667,movies,acquired,Platinum,other,1,0,0.0,1,0,1,0,0,0,0,1,-2.0195638910332523,0.24663271889360705
523,Medium 3,,2024-04-01,1.6666666666666667,movies,acquired,Platinum,other,1,0,0.0,1,0,1,0,0,0,0,1,-2.0195638910332523,0.24663271889360705
524,Tentpole 2 (DC),,2024-05-01,1.6666666666666667,movies,acquired,Platinum,other,1,0,0.0,1,0,1,0,0,0,0,1,-2.0195638910332523,0.24663271889360705
525,Medium 1,,2024-06-01,1.6666666666666667,movies,acquired,Platinum,other,1,0,0.0,1,0,1,0,0,0,0,1,-2.0195638910332523,0.24663271889360705
526,Tentpole 3 (DC),,2024-10-01,1.6666666666666667,movies,acquired,Platinum,other,1,0,0.0,1,0,1,0,0,0,0,1,-2.0195638910332523,0.24663271889360705
527,Medium 4,,2024-11-01,1.6666666666666667,movies,acquired,Platinum,other,1,0,0.0,1,0,1,0,0,0,0,1,-2.0195638910332523,0.24663271889360705
528,Tentpole 4,,2024-12-01,1.6666666666666667,movies,acquired,Platinum,other,1,0,0.0,1,0,1,0,0,0,0,1,-2.0195638910332523,0.24663271889360705
529,Medium 1,,2025-02-01,1.6666666666666667,movies,acquired,Platinum,other,1,0,0.0,1,0,1,0,0,0,0,1,-2.0195638910332523,0.24663271889360705
530,Tentpole 1 (DC),,2025-03-01,1.6666666666666667,movies,acquired,Platinum,other,1,0,0.0,1,0,1,0,0,0,0,1,-2.0195638910332523,0.24663271889360705
531,Tentpole 2,,2025-04-01,1.6666666666666667,movies,acquired,Platinum,other,1,0,0.0,1,0,1,0,0,0,0,1,-2.0195638910332523,0.24663271889360705
532,Tentpole 3 (DC),,2025-05-01,1.6666666666666667,movies,acquired,Platinum,other,1,0,0.0,1,0,1,0,0,0,0,1,-2.0195638910332523,0.24663271889360705
533,Medium 2,,2025-06-01,1.6666666666666667,movies,acquired,Platinum,other,1,0,0.0,1,0,1,0,0,0,0,1,-2.0195638910332523,0.24663271889360705
534,Medium 3,,2025-08-01,1.6666666666666667,movies,acquired,Platinum,other,1,0,0.0,1,0,1,0,0,0,0,1,-2.0195638910332523,0.24663271889360705
535,Tentpole 4 (DC),,2025-10-01,1.6666666666666667,movies,acquired,Platinum,other,1,0,0.0,1,0,1,0,0,0,0,1,-2.0195638910332523,0.24663271889360705
536,Medium 4,,2025-11-01,1.6666666666666667,movies,acquired,Platinum,other,1,0,0.0,1,0,1,0,0,0,0,1,-2.0195638910332523,0.24663271889360705
537,Tentpole 5,,2025-12-01,1.6666666666666667,movies,acquired,Platinum,other,1,0,0.0,1,0,1,0,0,0,0,1,-2.0195638910332523,0.24663271889360705
538,Placeholder Pay 1 - Warner,,2026-10-01,1.6666666666666667,movies,acquired,Platinum,other,1,0,0.0,1,0,1,0,0,0,0,1,-2.0195638910332523,0.24663271889360705
539,Placeholder Pay 1 - Warner,,2026-11-01,1.6666666666666667,movies,acquired,Platinum,other,1,0,0.0,1,0,1,0,0,0,0,1,-2.0195638910332523,0.24663271889360705
540,Placeholder Pay 1 - Warner,,2026-01-01,1.6666666666666667,movies,acquired,Platinum,other,1,0,0.0,1,0,1,0,0,0,0,1,-2.0195638910332523,0.24663271889360705
541,Placeholder Pay 1 - Warner,,2026-02-01,1.6666666666666667,movies,acquired,Platinum,other,1,0,0.0,1,0,1,0,0,0,0,1,-2.0195638910332523,0.24663271889360705
542,Placeholder Pay 1 - Warner,,2026-03-01,1.6666666666666667,movies,acquired,Platinum,other,1,0,0.0,1,0,1,0,0,0,0,1,-2.0195638910332523,0.24663271889360705
543,Placeholder Pay 1 - Warner,,2026-05-01,1.6666666666666667,movies,acquired,Platinum,other,1,0,0.0,1,0,1,0,0,0,0,1,-2.0195638910332523,0.24663271889360705
544,Placeholder Pay 1 - Warner,,2026-07-01,1.6666666666666667,movies,acquired,Platinum,other,1,0,0.0,1,0,1,0,0,0,0,1,-2.0195638910332523,0.24663271889360705
545,Placeholder Pay 1 - Warner,,2026-09-01,1.6666666666666667,movies,acquired,Platinum,other,1,0,0.0,1,0,1,0,0,0,0,1,-2.0195638910332523,0.24663271889360705
546,Placeholder Pay 1 - Warner,,2026-10-01,1.6666666666666667,movies,acquired,Platinum,other,1,0,0.0,1,0,1,0,0,0,0,1,-2.0195638910332523,0.24663271889360705
547,Placeholder Pay 1 - Warner,,2027-08-01,1.6666666666666667,movies,acquired,Platinum,other,1,0,0.0,1,0,1,0,0,0,0,1,-2.0195638910332523,0.24663271889360705
548,Placeholder Pay 1 - Warner,,2027-09-01,1.6666666666666667,movies,acquired,Platinum,other,1,0,0.0,1,0,1,0,0,0,0,1,-2.0195638910332523,0.24663271889360705
549,Placeholder Pay 1 - Warner,,2027-11-01,1.6666666666666667,movies,acquired,Platinum,other,1,0,0.0,1,0,1,0,0,0,0,1,-2.0195638910332523,0.24663271889360705
550,Placeholder Pay 1 - Warner,,2027-12-01,1.6666666666666667,movies,acquired,Platinum,other,1,0,0.0,1,0,1,0,0,0,0,1,-2.0195638910332523,0.24663271889360705
551,Placeholder Pay 1 - Warner,,2027-01-01,1.6666666666666667,movies,acquired,Platinum,other,1,0,0.0,1,0,1,0,0,0,0,1,-2.0195638910332523,0.24663271889360705
552,Placeholder Pay 1 - Warner,,2027-03-01,1.6666666666666667,movies,acquired,Platinum,other,1,0,0.0,1,0,1,0,0,0,0,1,-2.0195638910332523,0.24663271889360705
553,Placeholder Pay 1 - Warner,,2027-05-01,1.6666666666666667,movies,acquired,Platinum,other,1,0,0.0,1,0,1,0,0,0,0,1,-2.0195638910332523,0.24663271889360705
554,Placeholder Pay 1 - Warner,,2027-07-01,1.6666666666666667,movies,acquired,Platinum,other,1,0,0.0,1,0,1,0,0,0,0,1,-2.0195638910332523,0.24663271889360705
555,Placeholder Pay 1 - Warner,,2027-08-01,1.6666666666666667,movies,acquired,Platinum,other,1,0,0.0,1,0,1,0,0,0,0,1,-2.0195638910332523,0.24663271889360705
556,Placeholder Pay 1 - Warner,,2028-06-01,1.6666666666666667,movies,acquired,Platinum,other,1,0,0.0,1,0,1,0,0,0,0,1,-2.0195638910332523,0.24663271889360705
557,Placeholder Pay 1 - Warner,,2028-07-01,1.6666666666666667,movies,acquired,Platinum,other,1,0,0.0,1,0,1,0,0,0,0,1,-2.0195638910332523,0.24663271889360705
558,Placeholder Pay 1 - Warner,,2028-09-01,1.6666666666666667,movies,acquired,Platinum,other,1,0,0.0,1,0,1,0,0,0,0,1,-2.0195638910332523,0.24663271889360705
559,Placeholder Pay 1 - Warner,,2028-10-01,1.6666666666666667,movies,acquired,Platinum,other,1,0,0.0,1,0,1,0,0,0,0,1,-2.0195638910332523,0.24663271889360705
560,Placeholder Pay 1 - Warner,,2028-11-01,1.6666666666666667,movies,acquired,Platinum,other,1,0,0.0,1,0,1,0,0,0,0,1,-2.0195638910332523,0.24663271889360705
561,Placeholder Pay 1 - Warner,,2028-01-01,1.6666666666666667,movies,acquired,Platinum,other,1,0,0.0,1,0,1,0,0,0,0,1,-2.0195638910332523,0.24663271889360705
562,Placeholder Pay 1 - Warner,,2028-03-01,1.6666666666666667,movies,acquired,Platinum,other,1,0,0.0,1,0,1,0,0,0,0,1,-2.0195638910332523,0.24663271889360705
563,Placeholder Pay 1 - Warner,,2028-05-01,1.6666666666666667,movies,acquired,Platinum,other,1,0,0.0,1,0,1,0,0,0,0,1,-2.0195638910332523,0.24663271889360705
564,Placeholder Pay 1 - Warner,,2028-06-01,1.6666666666666667,movies,acquired,Platinum,other,1,0,0.0,1,0,1,0,0,0,0,1,-2.0195638910332523,0.24663271889360705
565,A24 Pay-1 Film,,2024-03-01,1.6666666666666667,movies,acquired,Platinum,other,1,0,0.0,1,0,1,0,0,0,0,1,-2.0195638910332523,0.24663271889360705
566,A24 Pay-1 Film,,2025-03-01,1.6666666666666667,movies,acquired,Platinum,other,1,0,0.0,1,0,1,0,0,0,0,1,-2.0195638910332523,0.24663271889360705
567,A24 Pay-1 Film,,2026-03-01,1.6666666666666667,movies,acquired,Platinum,other,1,0,0.0,1,0,1,0,0,0,0,1,-2.0195638910332523,0.24663271889360705
568,DUNK & EGG S1,1.0,2025-04-01,6.0,series,original,Gold,drama,0,0,1.0,0,1,0,1,0,0,1,1,-3.842367307172603,0.06971595584749796
569,AREA WEATHERMAN CHARGED WITH MURDER,1.0,2025-09-01,7.0,series,original,Gold,drama,0,0,1.0,0,1,0,1,0,0,1,1,-3.842367307172603,0.06971595584749796
570,TASK FORCE,1.0,2024-11-01,7.0,series,original,Gold,drama,0,0,1.0,0,1,0,1,0,0,1,1,-3.842367307172603,0.06971595584749796
571,2026 TBD LIMITED SERIES B,1.0,2026-04-01,6.0,series,original,Gold,drama,0,0,1.0,0,1,0,1,0,0,1,1,-3.842367307172603,0.06971595584749796
572,2026 TBD HOUR B S1,1.0,2026-08-01,8.0,series,original,Gold,drama,0,0,1.0,0,1,0,1,0,0,1,1,-3.842367307172603,0.06971595584749796
573,FULL CIRCLE (LS),1.0,2023-07-01,6.0,series,original,Gold,drama,0,0,1.0,0,1,0,1,0,0,1,1,-3.842367307172603,0.06971595584749796
574,TBD DRAMA S1 '25,1.0,2025-05-01,8.0,series,original,Gold,drama,0,0,1.0,0,1,0,1,0,0,1,1,-3.842367307172603,0.06971595584749796
575,IT: WELCOME TO DERRY S1,1.0,2024-09-01,9.0,series,original,Gold,drama,0,0,1.0,0,1,0,1,0,0,1,1,-3.842367307172603,0.06971595584749796
576,TBD DRAMA C S1 '26,1.0,2026-09-01,8.0,series,original,Gold,drama,0,0,1.0,0,1,0,1,0,0,1,1,-3.842367307172603,0.06971595584749796
577,TBD DRAMA D S1 '26,1.0,2026-12-01,8.0,series,original,Gold,drama,0,0,1.0,0,1,0,1,0,0,1,1,-3.842367307172603,0.06971595584749796
578,2024 TBD FILM,,2026-05-01,2.0,movies,original,Silver,drama,0,0,2.0,1,0,0,1,0,0,1,1,-5.065694075427167,0.029858922697792806
579,2025 TBD FILM,,2026-05-01,2.0,movies,original,Silver,drama,0,0,2.0,1,0,0,1,0,0,1,1,-5.065694075427167,0.029858922697792806
580,2026 TBD FILM,,2026-05-01,2.0,movies,original,Silver,drama,0,0,2.0,1,0,0,1,0,0,1,1,-5.065694075427167,0.029858922697792806
581,TURTLES ALL THE WAY DOWN,,2024-02-01,2.0,movies,original,Silver,drama,0,0,2.0,1,0,0,1,0,0,1,1,-5.065694075427167,0.029858922697792806
582,THE PARENTING,,2024-07-01,2.0,movies,original,Gold,comedy,0,0,1.0,1,0,0,1,0,1,0,1,-3.840465546041406,0.06980791604369119
583,FIXED,,2024-08-01,2.0,movies,original,Gold,comedy,0,0,1.0,1,0,0,1,0,1,0,1,-3.840465546041406,0.06980791604369119
584,THE BACK NINE,,2025-06-01,2.0,movies,original,Gold,comedy,0,0,1.0,1,0,0,1,0,1,0,1,-3.840465546041406,0.06980791604369119
585,CLONE HIGH S1,1.0,2023-05-01,5.0,series,original,Silver,comedy,0,0,2.0,0,1,0,1,0,1,0,1,-4.493977851350145,0.044379036268385755
586,VELMA S1,1.0,2023-01-01,5.0,series,original,Silver,comedy,0,0,2.0,0,1,0,1,0,1,0,1,-4.493977851350145,0.044379036268385755
587,FIRED ON MARS S1,1.0,2023-04-01,4.0,series,original,Silver,comedy,0,0,2.0,0,1,0,1,0,1,0,1,-4.493977851350145,0.044379036268385755
588,YOUNG LOVE S1,1.0,2023-09-01,6.0,series,original,Silver,comedy,0,0,2.0,0,1,0,1,0,1,0,1,-4.493977851350145,0.044379036268385755
589,HARLEY QUINN S4,4.0,2023-07-01,5.0,series,original,Silver,comedy,0,0,2.0,0,1,0,1,0,1,0,1,-4.493977851350145,0.044379036268385755
590,CLONE HIGH S2,2.0,2024-05-01,5.0,series,original,Silver,comedy,0,0,2.0,0,1,0,1,0,1,0,1,-4.493977851350145,0.044379036268385755
591,VELMA S2A,2.0,2024-01-01,5.0,series,original,Silver,comedy,0,0,2.0,0,1,0,1,0,1,0,1,-4.493977851350145,0.044379036268385755
592,HARLEY QUINN S5,5.0,2024-11-01,5.0,series,original,Silver,comedy,0,0,2.0,0,1,0,1,0,1,0,1,-4.493977851350145,0.044379036268385755
593,CLONE HIGH S3 / TBD,3.0,2025-05-01,5.0,series,original,Silver,comedy,0,0,2.0,0,1,0,1,0,1,0,1,-4.493977851350145,0.044379036268385755
594,HARLEY QUINN S6 / TBD,6.0,2025-11-01,5.0,series,original,Silver,comedy,0,0,2.0,0,1,0,1,0,1,0,1,-4.493977851350145,0.044379036268385755
595,CREATURE COMMANDOS S1,1.0,2024-10-01,4.0,series,original,Silver,comedy,0,0,2.0,0,1,0,1,0,1,0,1,-4.493977851350145,0.044379036268385755
596,VELMA S2B SPECIAL,2.0,2024-01-01,0.75,series,original,Silver,comedy,0,0,2.0,0,1,0,1,0,1,0,1,-4.493977851350145,0.044379036268385755
597,CREATURE COMMANDOS S2 / TBD,2.0,2025-10-01,4.0,series,original,Silver,comedy,0,0,2.0,0,1,0,1,0,1,0,1,-4.493977851350145,0.044379036268385755
598,NOONAN'S S2 / TBD,2.0,2025-04-01,5.0,series,original,Silver,comedy,0,0,2.0,0,1,0,1,0,1,0,1,-4.493977851350145,0.044379036268385755
599,NOONAN'S S3 / TBD,3.0,2026-04-01,5.0,series,original,Silver,comedy,0,0,2.0,0,1,0,1,0,1,0,1,-4.493977851350145,0.044379036268385755
600,CLONE HIGH S4 / TBD,4.0,2026-05-01,5.0,series,original,Silver,comedy,0,0,2.0,0,1,0,1,0,1,0,1,-4.493977851350145,0.044379036268385755
601,ADVENTURE TIME: FIONNA AND CAKE S4 / TBD,4.0,2026-08-01,5.0,series,original,Silver,comedy,0,0,2.0,0,1,0,1,0,1,0,1,-4.493977851350145,0.044379036268385755
602,HARLEY QUINN S7 / TBD,7.0,2026-11-01,5.0,series,original,Silver,comedy,0,0,2.0,0,1,0,1,0,1,0,1,-4.493977851350145,0.044379036268385755
603,SWEETHEARTS,,2025-02-01,2.0,movies,original,Silver,comedy,0,0,2.0,1,0,0,1,0,1,0,1,-4.778885082823058,0.036426063826676694
604,SALEM'S LOT,,2024-10-01,2.0,movies,original,Platinum,drama,0,0,0.0,1,0,0,1,0,0,1,1,-2.9122025814595234,0.13284330429203392
605,HORIZON PART 2,,2025-04-01,2.0,movies,original,Gold,drama,0,0,1.0,1,0,0,1,0,0,1,1,-4.127274538645516,0.05722246517659916
606,HORIZON PART 1,,2025-01-01,2.0,movies,original,Gold,drama,0,0,1.0,1,0,0,1,0,0,1,1,-4.127274538645516,0.05722246517659916
607,COYOTE VS. ACME,,2024-09-01,2.0,movies,original,Platinum,comedy,0,0,0.0,1,0,0,1,0,1,0,1,-2.6253935888554136,0.1620607257021353
608,HARLEY QUINN S3B A VERY PROBLEMATIC VALENTINE'S DAY SPECIAL,1.0,2023-02-01,0.5,series,original,Gold,comedy,0,0,1.0,0,1,0,1,0,1,0,1,-3.555558314568494,0.08504921236245587
0,US Linear 3P Ouput Deal Films,,2023-01-01,2.0,movies,acquired,ACQ,other,0,0,3.0,1,0,1,0,0,0,0,0,0.0,
1,US Linear 3P Other Films,,2023-01-01,2.0,movies,acquired,ACQ,other,0,0,3.0,1,0,1,0,0,0,0,0,0.0,
2,US Linear I/C Output Deal Films Incl. Through 27,,2023-01-01,2.0,movies,acquired,ACQ,other,0,0,3.0,1,0,1,0,0,0,0,0,0.0,
3,US Linear I/C Other Films,,2023-01-01,2.0,movies,acquired,ACQ,other,0,0,3.0,1,0,1,0,0,0,0,0,0.0,
4,US Linear Assumed (Essentially Committed),,2023-01-01,2.0,movies,acquired,ACQ,other,0,0,3.0,1,0,1,0,0,0,0,0,0.0,
5,US Max 3P Acquisitions - Feature Committed,,2023-01-01,2.0,movies,acquired,ACQ,other,0,0,3.0,1,0,1,0,0,0,0,0,0.0,
6,US Max 3P Acquisitions - Series Committed,,2023-01-01,2.0,movies,acquired,ACQ,other,0,0,3.0,1,0,1,0,0,0,0,0,0.0,
7,US Max I/C Acquisitions - Feature Committed,,2023-01-01,2.0,movies,acquired,ACQ,other,0,0,3.0,1,0,1,0,0,0,0,0,0.0,
8,US Max I/C Acquisitions - Feature (Essentially Committed) True up to Budget Through MAX FEATURES,,2023-01-01,2.0,movies,acquired,ACQ,other,0,0,3.0,1,0,1,0,0,0,0,0,0.0,
9,US Max I/C Acquisitions - Series Committed,,2023-01-01,2.0,movies,acquired,ACQ,other,0,0,3.0,1,0,1,0,0,0,0,0,0.0,
10,US Max I/C Acquisitions - New Renewals,,2023-01-01,2.0,movies,acquired,ACQ,other,0,0,3.0,1,0,1,0,0,0,0,0,0.0,
11,US Max I/C aLWAYS ON Series Acquisitions (Essentially Committed),,2023-01-01,2.0,movies,acquired,ACQ,other,0,0,3.0,1,0,1,0,0,0,0,0,0.0,
12,US Max I/C aLWAYS ON Movie Acquisitions (Essentially Committed),,2023-01-01,2.0,movies,acquired,ACQ,other,0,0,3.0,1,0,1,0,0,0,0,0,0.0,
13,Discovery Linear,,2023-01-01,2.0,movies,acquired,ACQ,other,0,0,3.0,1,0,1,0,0,0,0,0,0.0,
14,Dry Powder,,2023-01-01,2.0,movies,acquired,ACQ,other,0,0,3.0,1,0,1,0,0,0,0,0,0.0,
15,US Committed ACQ Cash,,2023-01-01,2.0,movies,acquired,ACQ,other,0,0,3.0,1,0,1,0,0,0,0,0,0.0,
16,US Priority Uncommitted ACQ Cash,,2023-01-01,2.0,movies,acquired,ACQ,other,0,0,3.0,1,0,1,0,0,0,0,0,0.0,
17,US Soccer Rights,,2023-01-01,2.0,movies,acquired,ACQ,other,0,0,3.0,1,0,1,0,0,0,0,0,0.0,
314,STEVEN VAN ZANDT: DISCIPLE,,2023-12-01,1.5,movies,original,Bronze,other,0,0,3.0,1,0,0,1,0,0,0,0,0.0,
315,LAST STOP LARRIMAH,,2023-10-01,1.5,movies,original,Bronze,other,0,0,3.0,1,0,0,1,0,0,0,0,0.0,
316,ALL THAT BREATHES,,2023-02-01,1.5,movies,original,Bronze,other,0,0,3.0,1,0,0,1,0,0,0,0,0.0,
317,COUNTRY DOCTOR,,2024-12-01,1.5,movies,original,Bronze,other,0,0,3.0,1,0,0,1,0,0,0,0,0.0,
318,DANIEL,,2023-12-01,1.5,movies,original,Bronze,other,0,0,3.0,1,0,0,1,0,0,0,0,0.0,
319,LOGICAL PROGRESSION,,2024-01-01,1.5,movies,original,Bronze,other,0,0,3.0,1,0,0,1,0,0,0,0,0.0,
320,HOW WE GET FREE,,2023-10-01,0.5,movies,original,Bronze,other,0,0,3.0,1,0,0,1,0,0,0,0,0.0,
321,THE WELCOME TABLE,,2025-04-01,1.5,movies,original,Bronze,other,0,0,3.0,1,0,0,1,0,0,0,0,0.0,
322,ROCK HUDSON: ALL THAT HEAVEN ALLOWED,,2023-06-01,1.5,movies,original,Bronze,other,0,0,3.0,1,0,0,1,0,0,0,0,0.0,
323,FLORIDA MAN,,2023-09-01,1.0,movies,original,Bronze,other,0,0,3.0,1,0,0,1,0,0,0,0,0.0,
324,PAROLE PREP,,2025-01-01,1.5,movies,original,Bronze,other,0,0,3.0,1,0,0,1,0,0,0,0,0.0,
325,THE CASE AGAINST ADNAN SYED FOLLOW-UP,,2023-09-01,1.5,movies,original,Bronze,other,0,0,3.0,1,0,0,1,0,0,0,0,0.0,
326,HOW DO YOU MEASURE A YEAR,,2023-06-01,0.5,movies,original,Bronze,other,0,0,3.0,1,0,0,1,0,0,0,0,0.0,
327,US SOCCER 2024,,2024-07-01,1.5,movies,original,Bronze,other,0,0,3.0,1,0,0,1,0,0,0,0,0.0,
328,US SOCCER 2025,,2025-10-01,1.5,movies,original,Bronze,other,0,0,3.0,1,0,0,1,0,0,0,0,0.0,
329,DIONNE WARWICK: DON'T MAKE ME OVER (CNN),,2023-02-01,1.5,movies,original,Bronze,other,0,0,3.0,1,0,0,1,0,0,0,0,0.0,
330,AMERICAN PAIN (CNN),,2023-06-01,1.75,movies,original,Bronze,other,0,0,3.0,1,0,0,1,0,0,0,0,0.0,
331,GLITCH: THE RISE AND FALL OF HQ TRIVIA (CNN),,2023-07-01,1.75,movies,original,Bronze,other,0,0,3.0,1,0,0,1,0,0,0,0,0.0,
332,LITTLE RICHARD: I AM EVERYTHING (CNN),,2023-09-01,1.75,movies,original,Bronze,other,0,0,3.0,1,0,0,1,0,0,0,0,0.0,
333,MARLON WAYANS: GOD LOVES ME,,2023-03-01,1.0,movies,original,Bronze,other,0,0,3.0,1,0,0,1,0,0,0,0,0.0,
334,CHOWCHILLA,,2023-12-01,1.75,movies,original,Bronze,other,0,0,3.0,1,0,0,1,0,0,0,0,0.0,
607,GET MILLIE BLACK,1.0,2024-10-01,6.0,series,original,Bronze,drama,0,0,3.0,0,1,0,1,0,0,1,0,0.0,
608,CB STRIKE: TROUBLED BLOOD,1.0,2023-02-01,4.0,series,original,Bronze,drama,0,0,3.0,0,1,0,1,0,0,1,0,0.0,
609,MY BRILLIANT FRIEND S4,4.0,2024-07-01,10.0,series,original,Bronze,drama,0,0,3.0,0,1,0,1,0,0,1,0,0.0,
610,INDUSTRY S3,3.0,2024-04-01,8.0,series,original,Bronze,drama,0,0,3.0,0,1,0,1,0,0,1,0,0.0,
611,TITANS S4B,4.0,2023-04-01,6.0,series,original,Bronze,drama,0,0,3.0,0,1,0,1,0,0,1,0,0.0,
612,DOOM PATROL S4B,4.0,2023-09-01,6.0,series,original,Bronze,drama,0,0,3.0,0,1,0,1,0,0,1,0,0.0,
613,THE GIRLS ON THE BUS S1,1.0,2024-04-01,10.0,series,original,Bronze,drama,0,0,3.0,0,1,0,1,0,0,1,0,0.0,
614,WARRIOR S3,3.0,2023-06-01,10.0,series,original,Bronze,drama,0,0,3.0,0,1,0,1,0,0,1,0,0.0,
615,YOUNG LOVE S2 / TBD,2.0,2024-09-01,6.0,series,original,Bronze,drama,0,0,3.0,0,1,0,1,0,0,1,0,0.0,
616,YOUNG LOVE S3 / TBD,3.0,2025-09-01,6.0,series,original,Bronze,drama,0,0,3.0,0,1,0,1,0,0,1,0,0.0,
617,YOUNG LOVE S4 / TBD,4.0,2026-09-01,6.0,series,original,Bronze,drama,0,0,3.0,0,1,0,1,0,0,1,0,0.0,
618,HOW TO WITH JOHN WILSON S3,3.0,2023-07-01,3.0,series,original,Bronze,action,0,0,3.0,0,1,0,1,1,0,0,0,0.0,
619,JERROD S1,1.0,2024-09-01,4.0,series,original,Bronze,action,0,0,3.0,0,1,0,1,1,0,0,0,0.0,
620,STARSTRUCK S3,3.0,2023-09-01,3.0,series,original,Bronze,action,0,0,3.0,0,1,0,1,1,0,0,0,0.0,
621,SORT OF S3,3.0,2024-01-01,8.0,series,original,Bronze,action,0,0,3.0,0,1,0,1,1,0,0,0,0.0,
636,REALITY,,2023-05-01,1.5,movies,original,Bronze,drama,0,0,3.0,1,0,0,1,0,0,1,0,0.0,
637,UNTITLED HOLIDAY MOVIE 2 ('24),,2024-11-01,2.0,movies,original,Bronze,drama,0,0,3.0,1,0,0,1,0,0,1,0,0.0,
638,UNTITLED HOLIDAY MOVIE 2 ('25),,2024-11-01,2.0,movies,original,Bronze,drama,0,0,3.0,1,0,0,1,0,0,1,0,0.0,
639,AM I OK?,,2024-06-01,2.0,movies,original,Bronze,comedy,0,0,3.0,1,0,0,1,0,1,0,0,0.0,
640,UNTITLED HOLIDAY MOVIE 1 (24'),,2024-11-01,2.0,movies,original,Bronze,comedy,0,0,3.0,1,0,0,1,0,1,0,0,0.0,
641,UNTITLED HOLIDAY MOVIE 3 ('24),,2024-12-01,2.0,movies,original,Bronze,comedy,0,0,3.0,1,0,0,1,0,1,0,0,0.0,
642,UNTITLED HOLIDAY MOVIE 1 ('25),,2024-11-01,2.0,movies,original,Bronze,comedy,0,0,3.0,1,0,0,1,0,1,0,0,0.0,
643,UNTITLED HOLIDAY MOVIE 3 ('25),,2024-12-01,2.0,movies,original,Bronze,comedy,0,0,3.0,1,0,0,1,0,1,0,0,0.0,
665,SCAVENGERS REIGN S1,1.0,2023-10-01,6.0,series,original,Bronze,comedy,0,0,3.0,0,1,0,1,0,1,0,0,0.0,
666,TEN YEAR OLD TOM S2,2.0,2023-06-01,5.0,series,original,Bronze,comedy,0,0,3.0,0,1,0,1,0,1,0,0,0.0,
667,ADVENTURE TIME: FIONNA AND CAKE S1,1.0,2023-08-01,5.0,series,original,Bronze,comedy,0,0,3.0,0,1,0,1,0,1,0,0,0.0,
668,NOONAN'S S1,1.0,2024-04-01,5.0,series,original,Bronze,comedy,0,0,3.0,0,1,0,1,0,1,0,0,0.0,
669,ADVENTURE TIME: FIONNA AND CAKE S2 / TBD,2.0,2024-08-01,5.0,series,original,Bronze,comedy,0,0,3.0,0,1,0,1,0,1,0,0,0.0,
670,ADVENTURE TIME: FIONNA AND CAKE S3 / TBD,3.0,2025-08-01,5.0,series,original,Bronze,comedy,0,0,3.0,0,1,0,1,0,1,0,0,0.0,
671,TBD GAME OF THRONES ANIMATION S1,1.0,2025-06-01,3.0,series,original,Bronze,comedy,0,0,3.0,0,1,0,1,0,1,0,0,0.0,
672,CREATURE COMMANDOS S3 / TBD,3.0,2026-10-01,4.0,series,original,Bronze,comedy,0,0,3.0,0,1,0,1,0,1,0,0,0.0,
674,TOTAL DRAMA ISLAND S1A,1.0,2024-03-01,6.5,series,original,Bronze,other,0,0,3.0,0,1,0,1,0,0,0,0,0.0,
675,JESSICA'S BIG LITTLE WORLD -S1A,1.0,2023-12-01,1.25,series,original,Bronze,other,0,0,3.0,0,1,0,1,0,0,0,0,0.0,
676,"TOTAL DRAMARAMA: A VERY SPECIAL, SPECIAL THAT'S QUITE SPECIAL",1.0,2023-05-01,2.0,series,original,Bronze,other,0,0,3.0,0,1,0,1,0,0,0,0,0.0,
677,JESSICA'S BIG LITTLE WORLD -S1B,1.0,2024-01-01,1.25,series,original,Bronze,other,0,0,3.0,0,1,0,1,0,0,0,0,0.0,
678,"BATWHEELS -1H, I",1.0,2023-10-01,2.25,series,original,Bronze,other,0,0,3.0,0,1,0,1,0,0,0,0,0.0,
679,JESSICA'S BIG LITTLE WORLD -S1C,1.0,2024-03-01,1.25,series,original,Bronze,other,0,0,3.0,0,1,0,1,0,0,0,0,0.0,
680,BATWHEELS - S2A,2.0,2024-03-01,2.5,series,original,Bronze,other,0,0,3.0,0,1,0,1,0,0,0,0,0.0,
681,JESSICA'S BIG LITTLE WORLD -S1D,1.0,2024-05-01,1.25,series,original,Bronze,other,0,0,3.0,0,1,0,1,0,0,0,0,0.0,
682,BATWHEELS - S2B,2.0,2024-06-01,2.5,series,original,Bronze,other,0,0,3.0,0,1,0,1,0,0,0,0,0.0,
683,BARNEY - S1A,1.0,2024-09-01,2.75,series,original,Bronze,other,0,0,3.0,0,1,0,1,0,0,0,0,0.0,
684,BATWHEELS - 2C,2.0,2024-09-01,2.5,series,original,Bronze,other,0,0,3.0,0,1,0,1,0,0,0,0,0.0,
685,HOP S1A,1.0,2024-04-01,3.5,series,original,Bronze,other,0,0,3.0,0,1,0,1,0,0,0,0,0.0,
686,HOP S1B,1.0,2025-03-01,3.5,series,original,Bronze,other,0,0,3.0,0,1,0,1,0,0,0,0,0.0,
687,IYANU: CHILD OF WONDER - S1A,1.0,2024-11-01,5.0,series,original,Bronze,other,0,0,3.0,0,1,0,1,0,0,0,0,0.0,
688,IYANU: CHILD OF WONDER - S1B,1.0,2025-02-01,1.5,series,original,Bronze,other,0,0,3.0,0,1,0,1,0,0,0,0,0.0,
689,JELLYSTONE - S3A,3.0,2024-01-01,5.0,series,original,Bronze,other,0,0,3.0,0,1,0,1,0,0,0,0,0.0,
690,JELLYSTONE - S3B,3.0,2024-01-01,5.0,series,original,Bronze,other,0,0,3.0,0,1,0,1,0,0,0,0,0.0,
691,TOAD AND FRIENDS S1A,1.0,2024-05-01,3.25,series,original,Bronze,other,0,0,3.0,0,1,0,1,0,0,0,0,0.0,
692,DYLAN S1A,1.0,2024-06-01,3.25,series,original,Bronze,other,0,0,3.0,0,1,0,1,0,0,0,0,0.0,
693,DYLAN S1B,1.0,2025-03-01,3.25,series,original,Bronze,other,0,0,3.0,0,1,0,1,0,0,0,0,0.0,
694,TOAD AND FRIENDS S1B,1.0,2024-12-01,3.25,series,original,Bronze,other,0,0,3.0,0,1,0,1,0,0,0,0,0.0,
695,DYLAN S1C,1.0,2025-01-01,3.25,series,original,Bronze,other,0,0,3.0,0,1,0,1,0,0,0,0,0.0,
696,MERMICORNO S1,1.0,2025-01-01,3.25,series,original,Bronze,other,0,0,3.0,0,1,0,1,0,0,0,0,0.0,
697,TOTAL DRAMA ISLAND S1B,1.0,2025-03-01,6.5,series,original,Bronze,other,0,0,3.0,0,1,0,1,0,0,0,0,0.0,
698,BARNEY - S1B,1.0,2025-03-01,2.75,series,original,Bronze,other,0,0,3.0,0,1,0,1,0,0,0,0,0.0,
699,IYANU: CHILD OF WONDER - S1C,1.0,2025-04-01,5.0,series,original,Bronze,other,0,0,3.0,0,1,0,1,0,0,0,0,0.0,
700,HOP S1C,1.0,2025-04-01,3.25,series,original,Bronze,other,0,0,3.0,0,1,0,1,0,0,0,0,0.0,
701,TOAD AND FRIENDS S1C,1.0,2025-05-01,3.25,series,original,Bronze,other,0,0,3.0,0,1,0,1,0,0,0,0,0.0,
702,IYANU: CHILD OF WONDER - S1D,1.0,2025-06-01,1.5,series,original,Bronze,other,0,0,3.0,0,1,0,1,0,0,0,0,0.0,
703,BARNEY S1C,1.0,2024-09-01,2.5,series,original,Bronze,other,0,0,3.0,0,1,0,1,0,0,0,0,0.0,
704,JELLYSTONE S4 / FRANCHISE SERIES TBD '25,1.0,2025-07-01,2.5,series,original,Bronze,other,0,0,3.0,0,1,0,1,0,0,0,0,0.0,
705,ISADORA MOON S1A,1.0,2025-07-01,3.5,series,original,Bronze,other,0,0,3.0,0,1,0,1,0,0,0,0,0.0,
706,HOP S1D,1.0,2025-08-01,3.25,series,original,Bronze,other,0,0,3.0,0,1,0,1,0,0,0,0,0.0,
707,DYLAN S1D,1.0,2025-09-01,3.25,series,original,Bronze,other,0,0,3.0,0,1,0,1,0,0,0,0,0.0,
708,BARNEY S1D,1.0,2025-09-01,2.5,series,original,Bronze,other,0,0,3.0,0,1,0,1,0,0,0,0,0.0,
709,TOAD AND FRIENDS S1D,1.0,2025-12-01,3.25,series,original,Bronze,other,0,0,3.0,0,1,0,1,0,0,0,0,0.0,
710,ISADORA MOON S1B,1.0,2025-07-01,2.0,series,original,Bronze,other,0,0,3.0,0,1,0,1,0,0,0,0,0.0,
711,BARNEY S1E,1.0,2024-09-01,2.5,series,original,Bronze,other,0,0,3.0,0,1,0,1,0,0,0,0,0.0,
712,ISADORA MOON S1C,1.0,2025-07-01,7.5,series,original,Bronze,other,0,0,3.0,0,1,0,1,0,0,0,0,0.0,
713,AQUAGIRL S1B,1.0,2025-02-01,3.75,series,original,Bronze,other,0,0,3.0,0,1,0,1,0,0,0,0,0.0,
714,"Teen Torture, Inc",1.0,2024-01-01,5.6,series,acquired,Bronze,other,0,0,3.0,0,1,1,0,0,0,0,0,0.0,
715,Beat The Meat,1.0,2024-01-01,5.6,series,acquired,Bronze,other,0,0,3.0,0,1,1,0,0,0,0,0,0.0,
716,How To Create A Sex Scandal (wt),1.0,2024-01-01,5.6,series,acquired,Bronze,other,0,0,3.0,0,1,1,0,0,0,0,0,0.0,
717,Mostly Harmless (wt),1.0,2024-01-01,5.6,series,acquired,Bronze,other,0,0,3.0,0,1,1,0,0,0,0,0,0.0,
718,Turn Yourself In,1.0,2024-01-01,5.6,series,acquired,Bronze,other,0,0,3.0,0,1,1,0,0,0,0,0,0.0,
719,Man Who Played with Fire,1.0,2024-01-01,5.6,series,acquired,Bronze,other,0,0,3.0,0,1,1,0,0,0,0,0,0.0,
720,Kings of XTC,1.0,2024-01-01,5.6,series,acquired,Bronze,other,0,0,3.0,0,1,1,0,0,0,0,0,0.0,
