PILLAR_GENRE,HOURS_WATCHED,CHURN_RATE,NUM_SUBS
Action/Adventure,0,0.124124,3881801
Action/Adventure,1,0.106829,4969772
Action/Adventure,2,0.094411,7559891
Action/Adventure,3,0.182491,3832827
Action/Adventure,4,0.279327,2874211
Action/Adventure,5,0.257561,1506328
Action/Adventure,6,0.251185,895758
Action/Adventure,7,0.270164,627914
Action/Adventure,8,0.299336,392124
Action/Adventure,9,0.285681,286428
Action/Adventure,10,0.321588,189445
Action/Adventure,11,0.339589,151093
Action/Adventure,12,0.359099,106872
Action/Adventure,13,0.369653,82124
Action/Adventure,14,0.385411,63535
Action/Adventure,15,0.400171,50322
Action/Adventure,16,0.396516,38554
Action/Adventure,17,0.414802,31856
Action/Adventure,18,0.417631,26489
Action/Adventure,19,0.405120,20261
Action/Adventure,20,0.427895,17109
Action/Adventure,21,0.442319,14775
Action/Adventure,22,0.432528,12308
Action/Adventure,23,0.434400,10259
Action/Adventure,24,0.447293,8830
Action/Adventure,25,0.467223,7946
Action/Adventure,26,0.459231,6844
Action/Adventure,27,0.476537,5869
Action/Adventure,28,0.470394,5256
Action/Adventure,29,0.487214,4754
Action/Adventure,30,0.495652,4108
Action/Adventure,31,0.475007,3520
Action/Adventure,32,0.496448,3219
Action/Adventure,33,0.504559,3033
Action/Adventure,34,0.512688,2530
Action/Adventure,35,0.492597,2300
Action/Adventure,36,0.500226,2051
Action/Adventure,37,0.489855,1937
Action/Adventure,38,0.497677,1814
Action/Adventure,39,0.517456,1522
Action/Adventure,40,0.509942,1455
Action/Adventure,41,0.474576,1375
Action/Adventure,42,0.483798,1227
Action/Adventure,43,0.480456,1152
Action/Adventure,44,0.536207,1096
Action/Adventure,45,0.508492,945
Action/Adventure,46,0.501611,874
Action/Adventure,47,0.458980,850
Action/Adventure,48,0.502294,802
Action/Adventure,49,0.524422,718
Action/Adventure,50,0.553191,663
Action/Adventure,51,0.519637,631
Action/Adventure,52,0.491551,619
Action/Adventure,53,0.518325,540
Action/Adventure,54,0.492806,520
Action/Adventure,55,0.489960,466
Action/Adventure,56,0.485714,432
Action/Adventure,57,0.491736,458
Action/Adventure,58,0.487437,377
Action/Adventure,59,0.523923,392
Action/Adventure,60,0.498638,346
Action/Adventure,61,0.481959,371
Action/Adventure,62,0.518293,313
Action/Adventure,63,0.530675,310
Action/Adventure,64,0.506897,274
Action/Adventure,65,0.492857,271
Action/Adventure,66,0.434307,262
Action/Adventure,67,0.471483,247
Action/Adventure,68,0.536585,229
Action/Adventure,69,0.485232,227
Action/Adventure,70,0.497512,191
Action/Adventure,71,0.440758,193
Action/Adventure,72,0.500000,207
Action/Adventure,73,0.449438,174
Action/Adventure,74,0.421348,170
Action/Adventure,75,0.464088,164
Action/Adventure,76,0.522472,166
Action/Adventure,77,0.457143,169
Action/Adventure,78,0.481013,150
Action/Adventure,79,0.474576,115
Action/Adventure,80,0.462687,127
Action/Adventure,81,0.503937,123
Action/Adventure,82,0.522124,108
Action/Adventure,83,0.496183,124
Action/Adventure,84,0.519685,119
Action/Adventure,85,0.450000,95
Action/Adventure,86,0.469388,95
Action/Adventure,87,0.471910,88
Action/Adventure,88,0.524390,80
Action/Adventure,89,0.474227,88
Action/Adventure,90,0.382716,79
Action/Adventure,91,0.458333,91
Action/Adventure,92,0.454545,83
Action/Adventure,93,0.392405,75
Action/Adventure,94,0.505618,86
Action/Adventure,95,0.478723,90
Action/Adventure,96,0.445946,68
Action/Adventure,97,0.411765,64
Action/Adventure,98,0.345679,77
Action/Adventure,99,0.418182,52
Action/Adventure,100,0.468750,31
Classics,0,0.119106,726599
Classics,1,0.106398,635578
Classics,2,0.086524,805875
Classics,3,0.283574,161726
Classics,4,0.382998,92728
Classics,5,0.373728,41427
Classics,6,0.358870,14250
Classics,7,0.442007,12379
Classics,8,0.373964,5344
Classics,9,0.401209,3892
Classics,10,0.459653,3020
Classics,11,0.478553,2888
Classics,12,0.491906,1720
Classics,13,0.515457,1353
Classics,14,0.517857,1233
Classics,15,0.496109,959
Classics,16,0.476010,731
Classics,17,0.473016,593
Classics,18,0.442966,495
Classics,19,0.417234,410
Classics,20,0.368116,331
Classics,21,0.405970,315
Classics,22,0.389068,297
Classics,23,0.331984,231
Classics,24,0.393365,196
Classics,25,0.345029,161
Classics,26,0.422330,195
Classics,27,0.375000,162
Classics,28,0.371622,136
Classics,29,0.314685,137
Classics,30,0.330645,114
Classics,31,0.291262,99
Classics,32,0.380000,95
Classics,33,0.325301,79
Classics,34,0.316456,72
Classics,35,0.333333,52
Classics,36,0.393939,60
Classics,37,0.378049,79
Classics,38,0.283582,62
Classics,39,0.270833,47
Classics,40,0.307692,47
Classics,41,0.292683,39
Classics,42,0.351852,53
Classics,43,0.416667,44
Classics,44,0.222222,27
Classics,45,0.179487,36
Classics,46,0.357143,28
Classics,47,0.270270,35
Classics,48,0.518519,26
Classics,49,0.217391,23
Classics,50,0.285714,35
Classics,51,0.187500,30
Classics,52,0.300000,20
Classics,53,0.173913,22
Classics,54,0.263158,19
Classics,55,0.173913,21
Classics,56,0.250000,20
Classics,57,0.333333,18
Classics,58,0.250000,20
Classics,59,0.388889,15
Classics,60,0.272727,10
Classics,61,0.388889,17
Classics,62,0.277778,17
Classics,63,0.500000,4
Classics,64,0.357143,14
Classics,65,0.100000,10
Classics,66,0.166667,12
Classics,67,0.437500,14
Classics,68,0.230769,12
Classics,69,0.428571,7
Classics,70,0.300000,9
Classics,71,0.416667,11
Classics,72,0.142857,6
Classics,73,0.300000,10
Classics,74,0.363636,11
Classics,75,0.333333,9
Classics,76,0.166667,6
Classics,77,0.333333,2
Classics,78,0.250000,7
Classics,79,0.166667,6
Classics,80,0.333333,6
Classics,81,0.500000,5
Classics,82,0.222222,9
Classics,83,0.142857,7
Classics,84,0.500000,11
Classics,85,0.400000,9
Classics,86,0.250000,4
Classics,87,0.142857,7
Classics,88,0.200000,5
Classics,89,0.000000,5
Classics,90,0.166667,6
Classics,91,0.666667,3
Classics,92,0.285714,7
Classics,93,0.000000,2
Classics,94,0.000000,1
Classics,95,0.200000,5
Classics,96,0.285714,7
Classics,97,0.000000,7
Classics,98,0.166667,6
Classics,99,0.000000,2
Classics,100,0.000000,1
Comedy,0,0.123011,3998560
Comedy,1,0.111375,4882458
Comedy,2,0.103876,4845308
Comedy,3,0.277637,1844825
Comedy,4,0.228452,1445286
Comedy,5,0.196241,845816
Comedy,6,0.187980,581039
Comedy,7,0.222235,436037
Comedy,8,0.183011,388517
Comedy,9,0.192943,295756
Comedy,10,0.209937,243871
Comedy,11,0.200127,208643
Comedy,12,0.188830,191788
Comedy,13,0.174908,173830
Comedy,14,0.167883,162578
Comedy,15,0.164443,153390
Comedy,16,0.152884,173753
Comedy,17,0.155620,134510
Comedy,18,0.165023,109189
Comedy,19,0.163839,100041
Comedy,20,0.155866,98018
Comedy,21,0.142552,112511
Comedy,22,0.154092,86460
Comedy,23,0.158721,77600
Comedy,24,0.164959,71813
Comedy,25,0.157456,73619
Comedy,26,0.156149,67758
Comedy,27,0.165618,60019
Comedy,28,0.163499,57535
Comedy,29,0.164681,56360
Comedy,30,0.160949,55214
Comedy,31,0.148686,60716
Comedy,32,0.182137,51188
Comedy,33,0.187306,46606
Comedy,34,0.171425,41817
Comedy,35,0.166556,39513
Comedy,36,0.166219,38212
Comedy,37,0.163714,38900
Comedy,38,0.164652,36507
Comedy,39,0.163058,35719
Comedy,40,0.155911,37197
Comedy,41,0.156427,37051
Comedy,42,0.163384,39624
Comedy,43,0.147645,39100
Comedy,44,0.145144,36094
Comedy,45,0.147945,33492
Comedy,46,0.158846,29683
Comedy,47,0.161009,27541
Comedy,48,0.160204,26142
Comedy,49,0.163725,24959
Comedy,50,0.171935,24205
Comedy,51,0.165437,23569
Comedy,52,0.162340,23549
Comedy,53,0.156582,23285
Comedy,54,0.153503,22226
Comedy,55,0.157254,22089
Comedy,56,0.151209,23164
Comedy,57,0.160116,19907
Comedy,58,0.162221,18682
Comedy,59,0.165251,18056
Comedy,60,0.165658,17663
Comedy,61,0.171155,16914
Comedy,62,0.178035,17064
Comedy,63,0.175565,16326
Comedy,64,0.173651,15524
Comedy,65,0.168983,15037
Comedy,66,0.167999,14791
Comedy,67,0.161002,14310
Comedy,68,0.159861,14196
Comedy,69,0.166915,13918
Comedy,70,0.161143,13680
Comedy,71,0.156765,13471
Comedy,72,0.154505,12945
Comedy,73,0.159589,12738
Comedy,74,0.165525,12844
Comedy,75,0.170925,12525
Comedy,76,0.161518,12343
Comedy,77,0.155356,12047
Comedy,78,0.161387,12032
Comedy,79,0.162128,11950
Comedy,80,0.164491,11854
Comedy,81,0.166910,11725
Comedy,82,0.168652,11387
Comedy,83,0.167247,11442
Comedy,84,0.164881,11956
Comedy,85,0.165823,11999
Comedy,86,0.156054,12752
Comedy,87,0.157662,13030
Comedy,88,0.154878,13423
Comedy,89,0.149547,14177
Comedy,90,0.145153,12746
Comedy,91,0.145562,12959
Comedy,92,0.137222,13511
Comedy,93,0.135233,13856
Comedy,94,0.127100,15231
Comedy,95,0.135536,12266
Comedy,96,0.144257,10889
Comedy,97,0.146651,10311
Comedy,98,0.147267,9639
Comedy,99,0.151232,9233
Comedy,100,0.165195,4376
Documentary,0,0.123500,1689431
Documentary,1,0.105168,2268974
Documentary,2,0.111058,1780125
Documentary,3,0.220911,721451
Documentary,4,0.142029,729597
Documentary,5,0.135460,322826
Documentary,6,0.124361,350471
Documentary,7,0.196752,142539
Documentary,8,0.214881,139150
Documentary,9,0.237676,77689
Documentary,10,0.242944,48217
Documentary,11,0.331991,44665
Documentary,12,0.310250,30851
Documentary,13,0.302188,22152
Documentary,14,0.289709,16240
Documentary,15,0.302579,13292
Documentary,16,0.331479,11827
Documentary,17,0.367442,12895
Documentary,18,0.298909,7654
Documentary,19,0.316886,6156
Documentary,20,0.330222,5573
Documentary,21,0.330464,4821
Documentary,22,0.311394,4183
Documentary,23,0.342275,3934
Documentary,24,0.312320,3298
Documentary,25,0.345465,3235
Documentary,26,0.312696,3013
Documentary,27,0.313704,2672
Documentary,28,0.280270,2802
Documentary,29,0.330204,2327
Documentary,30,0.347723,2007
Documentary,31,0.313449,1764
Documentary,32,0.318662,1615
Documentary,33,0.335956,1582
Documentary,34,0.361652,1616
Documentary,35,0.327731,1252
Documentary,36,0.312919,1143
Documentary,37,0.337802,1068
Documentary,38,0.323077,936
Documentary,39,0.324103,930
Documentary,40,0.360411,1027
Documentary,41,0.347777,840
Documentary,42,0.346741,689
Documentary,43,0.334770,664
Documentary,44,0.354098,590
Documentary,45,0.365052,550
Documentary,46,0.401667,566
Documentary,47,0.361162,536
Documentary,48,0.359756,474
Documentary,49,0.362069,447
Documentary,50,0.368889,443
Documentary,51,0.435080,413
Documentary,52,0.378238,379
Documentary,53,0.388889,377
Documentary,54,0.413158,366
Documentary,55,0.384615,331
Documentary,56,0.438438,318
Documentary,57,0.387821,302
Documentary,58,0.401384,280
Documentary,59,0.403279,286
Documentary,60,0.371429,296
Documentary,61,0.373984,238
Documentary,62,0.432950,242
Documentary,63,0.381395,204
Documentary,64,0.333333,230
Documentary,65,0.310811,214
Documentary,66,0.307054,228
Documentary,67,0.320611,248
Documentary,68,0.379630,206
Documentary,69,0.335366,157
Documentary,70,0.443820,171
Documentary,71,0.300654,152
Documentary,72,0.328671,138
Documentary,73,0.392308,123
Documentary,74,0.377483,145
Documentary,75,0.440000,120
Documentary,76,0.507937,121
Documentary,77,0.377193,111
Documentary,78,0.511628,125
Documentary,79,0.394231,100
Documentary,80,0.394495,107
Documentary,81,0.443396,103
Documentary,82,0.405063,79
Documentary,83,0.463158,91
Documentary,84,0.378049,80
Documentary,85,0.338028,70
Documentary,86,0.590361,81
Documentary,87,0.397260,72
Documentary,88,0.464789,66
Documentary,89,0.472727,52
Documentary,90,0.450000,59
Documentary,91,0.424658,70
Documentary,92,0.500000,67
Documentary,93,0.428571,61
Documentary,94,0.403509,55
Documentary,95,0.421053,54
Documentary,96,0.400000,45
Documentary,97,0.540000,50
Documentary,98,0.392157,48
Documentary,99,0.452381,41
Documentary,100,0.409091,22
Drama,0,0.130536,4060566
Drama,1,0.126345,4377145
Drama,2,0.106112,5679919
Drama,3,0.153478,2693267
Drama,4,0.188865,3745221
Drama,5,0.161645,1795311
Drama,6,0.150921,1540943
Drama,7,0.149792,1123252
Drama,8,0.178101,1366798
Drama,9,0.158821,784405
Drama,10,0.160997,669291
Drama,11,0.197059,520440
Drama,12,0.202482,450247
Drama,13,0.187272,369867
Drama,14,0.186387,309646
Drama,15,0.212769,319074
Drama,16,0.198942,332106
Drama,17,0.181748,265161
Drama,18,0.158962,282518
Drama,19,0.176645,222596
Drama,20,0.176069,192297
Drama,21,0.183432,145215
Drama,22,0.195560,126995
Drama,23,0.192306,120522
Drama,24,0.198490,110089
Drama,25,0.193208,98331
Drama,26,0.187866,99914
Drama,27,0.185654,89890
Drama,28,0.189098,84346
Drama,29,0.190962,78199
Drama,30,0.190874,73818
Drama,31,0.201851,73312
Drama,32,0.206775,65961
Drama,33,0.210092,56848
Drama,34,0.212852,52714
Drama,35,0.223114,52463
Drama,36,0.221479,53639
Drama,37,0.215092,46240
Drama,38,0.221407,43346
Drama,39,0.218147,41777
Drama,40,0.213312,39151
Drama,41,0.208872,35416
Drama,42,0.205316,32945
Drama,43,0.199587,31045
Drama,44,0.197818,30399
Drama,45,0.196882,29058
Drama,46,0.201971,28563
Drama,47,0.198564,28592
Drama,48,0.193008,27651
Drama,49,0.186123,27011
Drama,50,0.181946,26940
Drama,51,0.175066,27379
Drama,52,0.184280,26724
Drama,53,0.189364,25501
Drama,54,0.187351,25271
Drama,55,0.178295,24499
Drama,56,0.179558,24685
Drama,57,0.172095,26498
Drama,58,0.167518,25376
Drama,59,0.169539,24100
Drama,60,0.173938,23054
Drama,61,0.168627,22468
Drama,62,0.163381,23033
Drama,63,0.159012,24173
Drama,64,0.149162,25669
Drama,65,0.138758,28887
Drama,66,0.121775,37344
Drama,67,0.118764,38437
Drama,68,0.125193,32363
Drama,69,0.128359,28916
Drama,70,0.132199,25799
Drama,71,0.139946,22652
Drama,72,0.151446,21726
Drama,73,0.144198,21344
Drama,74,0.131368,22621
Drama,75,0.135592,20508
Drama,76,0.144486,18348
Drama,77,0.145817,16665
Drama,78,0.152010,15799
Drama,79,0.157949,14689
Drama,80,0.155062,13917
Drama,81,0.164195,12635
Drama,82,0.159628,12281
Drama,83,0.153695,12088
Drama,84,0.159150,11954
Drama,85,0.156353,11265
Drama,86,0.174919,9948
Drama,87,0.176169,9012
Drama,88,0.185951,8523
Drama,89,0.191059,7964
Drama,90,0.187523,7539
Drama,91,0.193069,7124
Drama,92,0.198789,6841
Drama,93,0.203484,6611
Drama,94,0.214648,6518
Drama,95,0.210359,6228
Drama,96,0.206778,6024
Drama,97,0.206598,5920
Drama,98,0.214073,5731
Drama,99,0.219495,5485
Drama,100,0.221903,2647
Horror,0,0.135411,920341
Horror,1,0.118384,1295805
Horror,2,0.103142,2069650
Horror,3,0.319117,566335
Horror,4,0.408686,201806
Horror,5,0.418643,95455
Horror,6,0.452012,52928
Horror,7,0.465641,25721
Horror,8,0.455039,15784
Horror,9,0.501621,10039
Horror,10,0.554809,7566
Horror,11,0.551323,5789
Horror,12,0.557265,3690
Horror,13,0.569317,3009
Horror,14,0.543748,2254
Horror,15,0.553903,1702
Horror,16,0.516387,1270
Horror,17,0.554641,1230
Horror,18,0.476141,889
Horror,19,0.528279,773
Horror,20,0.521021,626
Horror,21,0.486792,492
Horror,22,0.495164,470
Horror,23,0.511416,403
Horror,24,0.422977,363
Horror,25,0.438272,308
Horror,26,0.444444,250
Horror,27,0.464286,242
Horror,28,0.450000,222
Horror,29,0.467742,173
Horror,30,0.398907,169
Horror,31,0.430556,138
Horror,32,0.486667,137
Horror,33,0.437956,129
Horror,34,0.378151,109
Horror,35,0.423913,87
Horror,36,0.412281,104
Horror,37,0.433333,85
Horror,38,0.421053,70
Horror,39,0.467742,58
Horror,40,0.393443,54
Horror,41,0.319444,64
Horror,42,0.274510,50
Horror,43,0.383333,56
Horror,44,0.415094,49
Horror,45,0.293103,55
Horror,46,0.275862,28
Horror,47,0.461538,46
Horror,48,0.384615,35
Horror,49,0.370370,27
Horror,50,0.300000,28
Horror,51,0.413793,27
Horror,52,0.310345,27
Horror,53,0.166667,24
Horror,54,0.523810,19
Horror,55,0.392857,28
Horror,56,0.375000,21
Horror,57,0.458333,21
Horror,58,0.608696,23
Horror,59,0.409091,19
Horror,60,0.347826,20
Horror,61,0.263158,18
Horror,62,0.411765,17
Horror,63,0.500000,14
Horror,64,0.538462,11
Horror,65,0.200000,15
Horror,66,0.333333,6
Horror,67,0.437500,16
Horror,68,0.250000,12
Horror,69,0.375000,15
Horror,70,0.400000,10
Horror,71,0.333333,9
Horror,72,0.666667,5
Horror,73,1.000000,4
Horror,74,0.428571,11
Horror,75,0.250000,12
Horror,76,0.142857,7
Horror,77,0.833333,6
Horror,78,0.416667,10
Horror,79,0.400000,8
Horror,80,0.142857,7
Horror,81,0.142857,7
Horror,82,0.142857,7
Horror,83,0.333333,6
Horror,84,0.285714,7
Horror,85,0.600000,5
Horror,86,0.200000,4
Horror,87,0.500000,2
Horror,88,0.250000,7
Horror,89,0.500000,4
Horror,90,0.000000,2
Horror,91,0.500000,4
Horror,92,0.000000,5
Horror,93,0.166667,6
Horror,94,0.000000,4
Horror,95,0.333333,3
Horror,96,0.428571,7
Horror,97,0.000000,2
Horror,98,0.000000,3
Horror,99,0.000000,2
Horror,100,0.333333,3
Kids/Family,0,0.124910,2669043
Kids/Family,1,0.118237,3106062
Kids/Family,2,0.112314,3308368
Kids/Family,3,0.274336,1300778
Kids/Family,4,0.212934,693326
Kids/Family,5,0.194956,450176
Kids/Family,6,0.212588,322565
Kids/Family,7,0.211647,241544
Kids/Family,8,0.204292,194190
Kids/Family,9,0.200269,151996
Kids/Family,10,0.212473,127219
Kids/Family,11,0.201630,99799
Kids/Family,12,0.208187,87268
Kids/Family,13,0.199624,75156
Kids/Family,14,0.190242,66316
Kids/Family,15,0.187637,63505
Kids/Family,16,0.189163,55252
Kids/Family,17,0.177558,52363
Kids/Family,18,0.180784,46976
Kids/Family,19,0.168421,50432
Kids/Family,20,0.166954,44179
Kids/Family,21,0.177480,34109
Kids/Family,22,0.177803,30885
Kids/Family,23,0.178217,31026
Kids/Family,24,0.165547,31966
Kids/Family,25,0.159117,31536
Kids/Family,26,0.178409,23855
Kids/Family,27,0.179405,21654
Kids/Family,28,0.175514,20644
Kids/Family,29,0.158759,24679
Kids/Family,30,0.159861,23821
Kids/Family,31,0.181059,17675
Kids/Family,32,0.186488,14721
Kids/Family,33,0.192861,13800
Kids/Family,34,0.204323,12893
Kids/Family,35,0.204545,12163
Kids/Family,36,0.200414,11201
Kids/Family,37,0.208090,10978
Kids/Family,38,0.219306,10350
Kids/Family,39,0.235704,10152
Kids/Family,40,0.213103,8930
Kids/Family,41,0.204110,8181
Kids/Family,42,0.209158,7927
Kids/Family,43,0.214796,7575
Kids/Family,44,0.205278,7505
Kids/Family,45,0.199699,7430
Kids/Family,46,0.196121,8066
Kids/Family,47,0.206731,6788
Kids/Family,48,0.213758,7057
Kids/Family,49,0.195389,8165
Kids/Family,50,0.232866,6828
Kids/Family,51,0.215606,5487
Kids/Family,52,0.203443,5387
Kids/Family,53,0.216725,5405
Kids/Family,54,0.193351,5506
Kids/Family,55,0.194194,5190
Kids/Family,56,0.208095,4291
Kids/Family,57,0.229631,4137
Kids/Family,58,0.249023,4290
Kids/Family,59,0.291597,4403
Kids/Family,60,0.255476,3777
Kids/Family,61,0.249125,3486
Kids/Family,62,0.239849,3232
Kids/Family,63,0.226638,3080
Kids/Family,64,0.227653,2809
Kids/Family,65,0.230368,2701
Kids/Family,66,0.214260,2637
Kids/Family,67,0.228467,2565
Kids/Family,68,0.234152,2376
Kids/Family,69,0.236694,2319
Kids/Family,70,0.245061,2224
Kids/Family,71,0.238262,2156
Kids/Family,72,0.234313,2139
Kids/Family,73,0.251898,2097
Kids/Family,74,0.243361,1941
Kids/Family,75,0.256386,1944
Kids/Family,76,0.242394,1854
Kids/Family,77,0.252296,1740
Kids/Family,78,0.219002,1757
Kids/Family,79,0.234273,1721
Kids/Family,80,0.224680,1622
Kids/Family,81,0.245399,1531
Kids/Family,82,0.233586,1486
Kids/Family,83,0.226737,1442
Kids/Family,84,0.227568,1440
Kids/Family,85,0.228745,1401
Kids/Family,86,0.252588,1367
Kids/Family,87,0.231044,1327
Kids/Family,88,0.257639,1359
Kids/Family,89,0.254116,1322
Kids/Family,90,0.250190,1237
Kids/Family,91,0.243304,1253
Kids/Family,92,0.258687,1214
Kids/Family,93,0.276198,1247
Kids/Family,94,0.263158,1129
Kids/Family,95,0.251639,1142
Kids/Family,96,0.263158,1097
Kids/Family,97,0.252727,1034
Kids/Family,98,0.277354,1115
Kids/Family,99,0.283379,1042
Kids/Family,100,0.228571,499
Music,0,0.129960,50768
Music,1,0.125463,30387
Music,2,0.125605,20236
Music,3,0.223800,3883
Music,4,0.456498,1784
Music,5,0.356282,553
Music,6,0.448276,336
Music,7,0.382022,172
Music,8,0.328000,122
Music,9,0.315068,71
Music,10,0.333333,65
Music,11,0.324324,71
Music,12,0.456522,46
Music,13,0.440000,25
Music,14,0.608696,22
Music,15,0.461538,13
Music,16,0.250000,12
Music,17,0.500000,13
Music,18,0.375000,8
Music,19,0.666667,8
Music,20,0.714286,7
Music,21,0.500000,3
Music,22,0.500000,6
Music,23,0.400000,5
Music,24,0.333333,3
Music,25,0.500000,4
Music,26,0.333333,3
Music,27,0.500000,4
Music,28,0.500000,2
Music,29,0.400000,5
Music,30,0.666667,3
Music,31,1.000000,1
Music,32,0.000000,2
Music,34,0.000000,4
Music,37,0.000000,2
Music,38,0.000000,1
Music,40,1.000000,2
Music,41,0.500000,2
Music,43,0.000000,2
Music,45,0.000000,1
Music,50,0.000000,1
Music,58,0.000000,1
Music,60,0.000000,1
Music,63,0.000000,1
Music,74,0.000000,1
Music,76,0.000000,1
Music,96,0.000000,1
Other,0,0.149358,353241
Other,1,0.116294,985060
Other,2,0.467751,171861
Other,3,0.518888,20963
Other,4,0.560543,6369
Other,5,0.727959,4007
Other,6,0.772509,1783
Other,7,0.740904,867
Other,8,0.772429,437
Other,9,0.780488,318
Other,10,0.717593,210
Other,11,0.800000,191
Other,12,0.769231,101
Other,13,0.785714,96
Other,14,0.854545,53
Other,15,0.791667,48
Other,16,0.761905,41
Other,17,0.814815,26
Other,18,0.714286,21
Other,19,0.807692,26
Other,20,0.769231,13
Other,21,0.727273,11
Other,22,0.888889,9
Other,23,0.166667,6
Other,24,0.800000,5
Other,25,0.777778,9
Other,26,0.750000,4
Other,27,0.800000,9
Other,28,0.800000,5
Other,29,0.400000,5
Other,30,0.250000,4
Other,31,0.800000,5
Other,33,0.250000,4
Other,35,1.000000,1
Other,36,0.333333,3
Other,37,0.500000,2
Other,38,1.000000,1
Other,39,1.000000,1
Other,40,1.000000,2
Other,41,1.000000,1
Other,44,1.000000,1
Other,45,0.666667,2
Other,46,1.000000,1
Other,48,1.000000,1
Other,49,1.000000,1
Other,50,1.000000,1
Other,55,1.000000,1
Other,58,1.000000,1
Other,62,1.000000,1
Other,63,1.000000,1
Other,69,1.000000,1
Other,77,0.000000,1
Other,81,0.000000,1
Other,86,0.000000,1
Other,89,1.000000,1
Other,94,0.500000,2
Other,97,1.000000,1
Romance,0,0.130465,358196
Romance,1,0.118410,493149
Romance,2,0.090200,1272044
Romance,3,0.352907,167151
Romance,4,0.420616,144203
Romance,5,0.326425,28898
Romance,6,0.330314,22089
Romance,7,0.390408,10740
Romance,8,0.442470,9662
Romance,9,0.379985,3885
Romance,10,0.410591,3483
Romance,11,0.508835,2595
Romance,12,0.546853,2617
Romance,13,0.511176,1583
Romance,14,0.530917,1320
Romance,15,0.501427,1006
Romance,16,0.464668,892
Romance,17,0.407752,623
Romance,18,0.359127,484
Romance,19,0.404922,428
Romance,20,0.423280,351
Romance,21,0.394118,322
Romance,22,0.413386,245
Romance,23,0.409091,211
Romance,24,0.430622,200
Romance,25,0.371585,175
Romance,26,0.354430,144
Romance,27,0.478261,155
Romance,28,0.423077,124
Romance,29,0.437500,108
Romance,30,0.433962,98
Romance,31,0.389474,92
Romance,32,0.372093,80
Romance,33,0.337500,76
Romance,34,0.276316,71
Romance,35,0.413043,45
Romance,36,0.340426,44
Romance,37,0.272727,43
Romance,38,0.326087,43
Romance,39,0.355932,56
Romance,40,0.416667,33
Romance,41,0.425000,38
Romance,42,0.371429,34
Romance,43,0.378378,36
Romance,44,0.354839,31
Romance,45,0.343750,31
Romance,46,0.296296,26
Romance,47,0.266667,27
Romance,48,0.392857,26
Romance,49,0.307692,13
Romance,50,0.166667,22
Romance,51,0.411765,16
Romance,52,0.625000,8
Romance,53,0.142857,7
Romance,54,0.357143,14
Romance,55,0.611111,18
Romance,56,0.222222,18
Romance,57,0.315789,17
Romance,58,0.117647,17
Romance,59,0.200000,10
Romance,60,0.285714,14
Romance,61,0.444444,8
Romance,62,0.263158,17
Romance,63,0.545455,11
Romance,64,0.461538,12
Romance,65,0.333333,3
Romance,66,0.545455,10
Romance,67,0.352941,17
Romance,68,0.125000,8
Romance,69,0.500000,8
Romance,70,0.222222,9
Romance,71,0.363636,10
Romance,72,0.200000,5
Romance,73,0.200000,5
Romance,74,0.222222,8
Romance,75,0.250000,4
Romance,76,0.000000,6
Romance,77,0.200000,5
Romance,78,0.500000,6
Romance,79,0.250000,7
Romance,80,0.250000,4
Romance,81,0.000000,11
Romance,82,0.333333,3
Romance,83,0.500000,3
Romance,84,0.166667,5
Romance,85,0.200000,5
Romance,86,0.000000,5
Romance,87,0.000000,1
Romance,88,0.571429,6
Romance,89,0.250000,4
Romance,90,0.400000,9
Romance,91,0.333333,5
Romance,92,0.000000,2
Romance,93,0.000000,2
Romance,94,0.166667,6
Romance,95,0.285714,7
Romance,96,0.333333,2
Romance,97,0.000000,1
Romance,98,0.500000,3
Romance,99,0.000000,2
Romance,100,0.000000,1
Sci-Fi,0,0.128848,486954
Sci-Fi,1,0.118838,703485
Sci-Fi,2,0.100268,1066784
Sci-Fi,3,0.145264,461305
Sci-Fi,4,0.418576,133395
Sci-Fi,5,0.411034,80819
Sci-Fi,6,0.365060,24614
Sci-Fi,7,0.386418,14166
Sci-Fi,8,0.422219,11525
Sci-Fi,9,0.422961,5258
Sci-Fi,10,0.469877,4189
Sci-Fi,11,0.524487,3463
Sci-Fi,12,0.529549,2021
Sci-Fi,13,0.564706,1667
Sci-Fi,14,0.537222,1225
Sci-Fi,15,0.591537,1100
Sci-Fi,16,0.609848,1016
Sci-Fi,17,0.584229,536
Sci-Fi,18,0.601613,592
Sci-Fi,19,0.579812,409
Sci-Fi,20,0.544959,350
Sci-Fi,21,0.581560,268
Sci-Fi,22,0.601351,286
Sci-Fi,23,0.543478,222
Sci-Fi,24,0.573099,163
Sci-Fi,25,0.496454,135
Sci-Fi,26,0.586466,127
Sci-Fi,27,0.504425,109
Sci-Fi,28,0.510000,97
Sci-Fi,29,0.456790,79
Sci-Fi,30,0.661972,69
Sci-Fi,31,0.670732,81
Sci-Fi,32,0.573770,60
Sci-Fi,33,0.523077,62
Sci-Fi,34,0.482143,52
Sci-Fi,35,0.558140,42
Sci-Fi,36,0.425532,45
Sci-Fi,37,0.589744,38
Sci-Fi,38,0.513514,37
Sci-Fi,39,0.571429,34
Sci-Fi,40,0.240000,25
Sci-Fi,41,0.409091,22
Sci-Fi,42,0.518519,27
Sci-Fi,43,0.400000,23
Sci-Fi,44,0.521739,23
Sci-Fi,45,0.277778,18
Sci-Fi,46,0.411765,13
Sci-Fi,47,0.380952,21
Sci-Fi,48,0.454545,22
Sci-Fi,49,0.400000,14
Sci-Fi,50,0.500000,24
Sci-Fi,51,0.428571,14
Sci-Fi,52,0.285714,13
Sci-Fi,53,0.333333,14
Sci-Fi,54,0.142857,6
Sci-Fi,55,0.428571,13
Sci-Fi,56,0.375000,7
Sci-Fi,57,0.571429,14
Sci-Fi,58,0.538462,12
Sci-Fi,59,0.250000,4
Sci-Fi,60,0.538462,13
Sci-Fi,61,0.444444,9
Sci-Fi,62,0.500000,6
Sci-Fi,63,0.333333,9
Sci-Fi,64,0.500000,6
Sci-Fi,65,0.500000,5
Sci-Fi,66,0.500000,6
Sci-Fi,67,0.000000,3
Sci-Fi,68,0.250000,4
Sci-Fi,69,0.555556,9
Sci-Fi,70,0.555556,8
Sci-Fi,71,0.666667,6
Sci-Fi,72,0.000000,4
Sci-Fi,73,0.500000,2
Sci-Fi,74,0.500000,5
Sci-Fi,75,0.666667,3
Sci-Fi,76,0.333333,6
Sci-Fi,78,0.250000,4
Sci-Fi,79,0.750000,3
Sci-Fi,80,0.666667,6
Sci-Fi,81,0.666667,3
Sci-Fi,82,0.000000,3
Sci-Fi,83,0.250000,4
Sci-Fi,84,0.500000,2
Sci-Fi,85,0.400000,4
Sci-Fi,86,0.200000,5
Sci-Fi,87,0.333333,3
Sci-Fi,88,1.000000,2
Sci-Fi,89,0.000000,3
Sci-Fi,90,0.333333,6
Sci-Fi,91,0.500000,2
Sci-Fi,92,0.500000,2
Sci-Fi,93,0.000000,1
Sci-Fi,94,0.500000,2
Sci-Fi,95,0.500000,2
Sci-Fi,96,0.000000,1
Sci-Fi,99,0.500000,4
Suspense/Thriller,0,0.131199,493066
Suspense/Thriller,1,0.115423,675385
Suspense/Thriller,2,0.093730,1226636
Suspense/Thriller,3,0.373462,139707
Suspense/Thriller,4,0.502810,123301
Suspense/Thriller,5,0.402073,20135
Suspense/Thriller,6,0.458997,16621
Suspense/Thriller,7,0.491235,6783
Suspense/Thriller,8,0.513521,6136
Suspense/Thriller,9,0.510954,2642
Suspense/Thriller,10,0.554607,2035
Suspense/Thriller,11,0.620709,1686
Suspense/Thriller,12,0.673457,1471
Suspense/Thriller,13,0.677995,1107
Suspense/Thriller,14,0.726619,879
Suspense/Thriller,15,0.652116,706
Suspense/Thriller,16,0.659091,530
Suspense/Thriller,17,0.579208,387
Suspense/Thriller,18,0.546763,264
Suspense/Thriller,19,0.502203,217
Suspense/Thriller,20,0.517045,171
Suspense/Thriller,21,0.524064,178
Suspense/Thriller,22,0.487805,116
Suspense/Thriller,23,0.585366,119
Suspense/Thriller,24,0.485981,100
Suspense/Thriller,25,0.550000,93
Suspense/Thriller,26,0.632184,82
Suspense/Thriller,27,0.483871,61
Suspense/Thriller,28,0.619718,69
Suspense/Thriller,29,0.562500,60
Suspense/Thriller,30,0.446809,45
Suspense/Thriller,31,0.442308,47
Suspense/Thriller,32,0.472222,35
Suspense/Thriller,33,0.394737,36
Suspense/Thriller,34,0.447368,35
Suspense/Thriller,35,0.625000,22
Suspense/Thriller,36,0.351351,34
Suspense/Thriller,37,0.433333,28
Suspense/Thriller,38,0.352941,15
Suspense/Thriller,39,0.350000,20
Suspense/Thriller,40,0.562500,15
Suspense/Thriller,41,0.560000,24
Suspense/Thriller,42,0.333333,15
Suspense/Thriller,43,0.350000,20
Suspense/Thriller,44,0.285714,14
Suspense/Thriller,45,0.333333,9
Suspense/Thriller,46,0.333333,17
Suspense/Thriller,47,0.384615,12
Suspense/Thriller,48,0.222222,9
Suspense/Thriller,49,0.500000,14
Suspense/Thriller,50,0.315789,18
Suspense/Thriller,51,0.250000,7
Suspense/Thriller,52,0.285714,6
Suspense/Thriller,53,0.400000,10
Suspense/Thriller,54,0.111111,9
Suspense/Thriller,55,0.500000,6
Suspense/Thriller,56,0.111111,9
Suspense/Thriller,57,0.428571,7
Suspense/Thriller,58,0.444444,9
Suspense/Thriller,59,0.400000,4
Suspense/Thriller,60,0.363636,10
Suspense/Thriller,61,0.000000,1
Suspense/Thriller,62,0.333333,3
Suspense/Thriller,63,0.285714,7
Suspense/Thriller,64,0.000000,3
Suspense/Thriller,65,0.500000,2
Suspense/Thriller,66,0.000000,3
Suspense/Thriller,67,0.500000,5
Suspense/Thriller,68,0.400000,5
Suspense/Thriller,69,0.000000,6
Suspense/Thriller,70,0.000000,4
Suspense/Thriller,71,0.250000,4
Suspense/Thriller,72,0.200000,4
Suspense/Thriller,73,0.000000,1
Suspense/Thriller,74,0.500000,2
Suspense/Thriller,75,0.666667,3
Suspense/Thriller,76,0.000000,2
Suspense/Thriller,77,0.250000,4
Suspense/Thriller,78,0.500000,2
Suspense/Thriller,79,1.000000,1
Suspense/Thriller,80,0.000000,1
Suspense/Thriller,81,0.666667,3
Suspense/Thriller,82,0.333333,3
Suspense/Thriller,83,0.500000,3
Suspense/Thriller,84,0.333333,3
Suspense/Thriller,85,0.200000,4
Suspense/Thriller,86,0.000000,2
Suspense/Thriller,88,0.500000,2
Suspense/Thriller,89,0.500000,2
Suspense/Thriller,91,0.000000,3
Suspense/Thriller,92,0.500000,4
Suspense/Thriller,93,0.000000,3
Suspense/Thriller,95,0.000000,1
Suspense/Thriller,96,0.333333,3
Suspense/Thriller,98,0.000000,1
Suspense/Thriller,100,0.000000,1
Unscripted,0,0.104561,948566
Unscripted,1,0.115890,964405
Unscripted,2,0.099181,797397
Unscripted,3,0.119677,341365
Unscripted,4,0.128791,334395
Unscripted,5,0.097948,297850
Unscripted,6,0.121222,147420
Unscripted,7,0.152881,91843
Unscripted,8,0.160133,68655
Unscripted,9,0.198385,48113
Unscripted,10,0.209328,39140
Unscripted,11,0.207159,31700
Unscripted,12,0.197470,25945
Unscripted,13,0.187528,22769
Unscripted,14,0.185182,19644
Unscripted,15,0.183375,17211
Unscripted,16,0.177814,15631
Unscripted,17,0.177618,13173
Unscripted,18,0.175977,11411
Unscripted,19,0.172219,10415
Unscripted,20,0.171970,9391
Unscripted,21,0.163587,9148
Unscripted,22,0.155109,9103
Unscripted,23,0.162092,7696
Unscripted,24,0.174308,7349
Unscripted,25,0.166276,6493
Unscripted,26,0.176462,6397
Unscripted,27,0.153180,6387
Unscripted,28,0.141966,6862
Unscripted,29,0.122375,8208
Unscripted,30,0.119040,8511
Unscripted,31,0.142338,5517
Unscripted,32,0.164451,4843
Unscripted,33,0.174356,4381
Unscripted,34,0.180575,4029
Unscripted,35,0.171747,3826
Unscripted,36,0.156128,3409
Unscripted,37,0.169988,3153
Unscripted,38,0.166820,3095
Unscripted,39,0.180169,2932
Unscripted,40,0.164544,2767
Unscripted,41,0.171897,2677
Unscripted,42,0.174401,2443
Unscripted,43,0.195743,2509
Unscripted,44,0.170012,2432
Unscripted,45,0.164474,2323
Unscripted,46,0.168036,2307
Unscripted,47,0.172893,2187
Unscripted,48,0.158179,2123
Unscripted,49,0.167144,1992
Unscripted,50,0.161213,1972
Unscripted,51,0.161191,1854
Unscripted,52,0.163626,1725
Unscripted,53,0.164817,1716
Unscripted,54,0.165877,1595
Unscripted,55,0.163995,1546
Unscripted,56,0.176136,1519
Unscripted,57,0.187750,1431
Unscripted,58,0.172304,1487
Unscripted,59,0.188667,1491
Unscripted,60,0.213986,1356
Unscripted,61,0.177650,1325
Unscripted,62,0.167674,1261
Unscripted,63,0.159542,1246
Unscripted,64,0.165175,1374
Unscripted,65,0.145588,1294
Unscripted,66,0.126751,1430
Unscripted,67,0.128417,1494
Unscripted,68,0.142857,1218
Unscripted,69,0.166968,1055
Unscripted,70,0.172063,1033
Unscripted,71,0.162451,984
Unscripted,72,0.152764,953
Unscripted,73,0.161157,915
Unscripted,74,0.157620,922
Unscripted,75,0.153846,909
Unscripted,76,0.157127,837
Unscripted,77,0.156087,909
Unscripted,78,0.168317,849
Unscripted,79,0.160970,866
Unscripted,80,0.164162,813
Unscripted,81,0.137592,779
Unscripted,82,0.137761,772
Unscripted,83,0.163814,769
Unscripted,84,0.145310,726
Unscripted,85,0.161379,686
Unscripted,86,0.177658,703
Unscripted,87,0.163293,703
Unscripted,88,0.154557,714
Unscripted,89,0.162281,644
Unscripted,90,0.172507,695
Unscripted,91,0.165062,691
Unscripted,92,0.130882,645
Unscripted,93,0.154506,664
Unscripted,94,0.165230,665
Unscripted,95,0.170338,642
Unscripted,96,0.174775,525
Unscripted,97,0.181481,521
Unscripted,98,0.163265,515
Unscripted,99,0.181818,489
Unscripted,100,0.163180,232
